cohort,isolation_source,bin,secondary_cluster,variable,value
PosCtrl,MockCommunity,bins.1.fa,1255_2,R1,3358929.61324666
PosCtrl,MockCommunity,bins.10.fa,no_cluster,R1,55.1731018306668
PosCtrl,MockCommunity,bins.11.fa,no_cluster,R1,777726.834823334
PosCtrl,MockCommunity,bins.12.fa,1011_1,R1,455681.009025
PosCtrl,MockCommunity,bins.13.fa,no_cluster,R1,2533943.32695667
PosCtrl,MockCommunity,bins.14.fa,no_cluster,R1,653576.995056666
PosCtrl,MockCommunity,bins.15.fa,no_cluster,R1,0.470012955966666
PosCtrl,MockCommunity,bins.2.fa,228_1,R1,161676.137811667
PosCtrl,MockCommunity,bins.3.fa,366_1,R1,2.83061021514333
PosCtrl,MockCommunity,bins.4.fa,1222_1,R1,627588.647901667
PosCtrl,MockCommunity,bins.5.fa,1010_1,R1,2097630.20833667
PosCtrl,MockCommunity,bins.6.fa,no_cluster,R1,5842966.06294333
PosCtrl,MockCommunity,bins.7.fa,no_cluster,R1,624631.417183334
PosCtrl,MockCommunity,bins.8.fa,no_cluster,R1,1523858.30592
PosCtrl,MockCommunity,bins.9.fa,1254_1,R1,12629885.9967567
PosCtrl,Protexin,bins.1.fa,no_cluster,R1,2405378.81224333
PosCtrl,Protexin,bins.10.fa,no_cluster,R1,107405.351520667
PosCtrl,Protexin,bins.11.fa,289_5,R1,10.9965626959
PosCtrl,Protexin,bins.12.fa,no_cluster,R1,302051.211213333
PosCtrl,Protexin,bins.13.fa,no_cluster,R1,189323.837084333
PosCtrl,Protexin,bins.14.fa,no_cluster,R1,12.6413508068
PosCtrl,Protexin,bins.15.fa,no_cluster,R1,153507.79048
PosCtrl,Protexin,bins.16.fa,no_cluster,R1,53386.5836064
PosCtrl,Protexin,bins.17.fa,no_cluster,R1,243314.912002333
PosCtrl,Protexin,bins.18.fa,619_0,R1,250981.310029666
PosCtrl,Protexin,bins.19.fa,no_cluster,R1,3046118.94678667
PosCtrl,Protexin,bins.2.fa,no_cluster,R1,392353.030756668
PosCtrl,Protexin,bins.20.fa,no_cluster,R1,1034035.99669
PosCtrl,Protexin,bins.3.fa,no_cluster,R1,30985.9888286
PosCtrl,Protexin,bins.4.fa,no_cluster,R1,891255.568606667
PosCtrl,Protexin,bins.5.fa,no_cluster,R1,1053124.87288
PosCtrl,Protexin,bins.6.fa,no_cluster,R1,349404.469293333
PosCtrl,Protexin,bins.7.fa,no_cluster,R1,240408.63524
PosCtrl,Protexin,bins.8.fa,no_cluster,R1,123219.891456667
PosCtrl,Protexin,bins.9.fa,no_cluster,R1,3444081.85608
PosCtrl,ColiGuard,bins.1.fa,no_cluster,R1,3.55722052127
PosCtrl,ColiGuard,bins.10.fa,no_cluster,R1,6095339.85826667
PosCtrl,ColiGuard,bins.11.fa,no_cluster,R1,61.2198371517
PosCtrl,ColiGuard,bins.12.fa,no_cluster,R1,2292832.76993333
PosCtrl,ColiGuard,bins.13.fa,no_cluster,R1,1565270.10616667
PosCtrl,ColiGuard,bins.2.fa,655_1,R1,47.1478091547034
PosCtrl,ColiGuard,bins.3.fa,no_cluster,R1,524128.255570001
PosCtrl,ColiGuard,bins.4.fa,662_1,R1,960323.007266667
PosCtrl,ColiGuard,bins.5.fa,1254_1,R1,58.2653079807333
PosCtrl,ColiGuard,bins.6.fa,no_cluster,R1,17.0637169317667
PosCtrl,ColiGuard,bins.7.fa,1255_2,R1,70.0717134655666
PosCtrl,ColiGuard,bins.8.fa,no_cluster,R1,29.3234287730333
PosCtrl,ColiGuard,bins.9.fa,no_cluster,R1,1450947.86716667
PosCtrl,MockCommunity,bins.1.fa,1255_2,R2,888814.650675001
PosCtrl,MockCommunity,bins.10.fa,no_cluster,R2,0.4688900248
PosCtrl,MockCommunity,bins.11.fa,no_cluster,R2,173731.159886
PosCtrl,MockCommunity,bins.12.fa,1011_1,R2,145295.704540333
PosCtrl,MockCommunity,bins.13.fa,no_cluster,R2,608714.848906669
PosCtrl,MockCommunity,bins.14.fa,no_cluster,R2,158788.433110001
PosCtrl,MockCommunity,bins.15.fa,no_cluster,R2,0.634380149126666
PosCtrl,MockCommunity,bins.2.fa,228_1,R2,43329.6669355667
PosCtrl,MockCommunity,bins.3.fa,366_1,R2,3.91897631074
PosCtrl,MockCommunity,bins.4.fa,1222_1,R2,310454.779252334
PosCtrl,MockCommunity,bins.5.fa,1010_1,R2,366553.120493333
PosCtrl,MockCommunity,bins.6.fa,no_cluster,R2,1414872.71613666
PosCtrl,MockCommunity,bins.7.fa,no_cluster,R2,140484.919226666
PosCtrl,MockCommunity,bins.8.fa,no_cluster,R2,370504.44005
PosCtrl,MockCommunity,bins.9.fa,1254_1,R2,2688683.95378333
PosCtrl,Protexin,bins.1.fa,no_cluster,R2,1069578.90885333
PosCtrl,Protexin,bins.10.fa,no_cluster,R2,84390.3854473334
PosCtrl,Protexin,bins.11.fa,289_5,R2,5133.87942461334
PosCtrl,Protexin,bins.12.fa,no_cluster,R2,180840.683973
PosCtrl,Protexin,bins.13.fa,no_cluster,R2,150325.233351
PosCtrl,Protexin,bins.14.fa,no_cluster,R2,179.423041430867
PosCtrl,Protexin,bins.15.fa,no_cluster,R2,135729.670513333
PosCtrl,Protexin,bins.16.fa,no_cluster,R2,506774.944774
PosCtrl,Protexin,bins.17.fa,no_cluster,R2,142448.575655667
PosCtrl,Protexin,bins.18.fa,619_0,R2,175409.344555
PosCtrl,Protexin,bins.19.fa,no_cluster,R2,5192067.72523665
PosCtrl,Protexin,bins.2.fa,no_cluster,R2,348886.70543
PosCtrl,Protexin,bins.20.fa,no_cluster,R2,1750630.03806667
PosCtrl,Protexin,bins.3.fa,no_cluster,R2,288616.890399
PosCtrl,Protexin,bins.4.fa,no_cluster,R2,1509220.0496
PosCtrl,Protexin,bins.5.fa,no_cluster,R2,1783363.90286667
PosCtrl,Protexin,bins.6.fa,no_cluster,R2,308472.917316667
PosCtrl,Protexin,bins.7.fa,no_cluster,R2,210629.299813334
PosCtrl,Protexin,bins.8.fa,no_cluster,R2,71644.7879186667
PosCtrl,Protexin,bins.9.fa,no_cluster,R2,1537891.79238667
PosCtrl,ColiGuard,bins.1.fa,no_cluster,R2,3.0245085153
PosCtrl,ColiGuard,bins.10.fa,no_cluster,R2,5427050.26593333
PosCtrl,ColiGuard,bins.11.fa,no_cluster,R2,97.9338766485333
PosCtrl,ColiGuard,bins.12.fa,no_cluster,R2,2070520.73863334
PosCtrl,ColiGuard,bins.13.fa,no_cluster,R2,1402493.679
PosCtrl,ColiGuard,bins.2.fa,655_1,R2,26.54837664191
PosCtrl,ColiGuard,bins.3.fa,no_cluster,R2,398667.926356666
PosCtrl,ColiGuard,bins.4.fa,662_1,R2,741739.661863335
PosCtrl,ColiGuard,bins.5.fa,1254_1,R2,13.3427919552133
PosCtrl,ColiGuard,bins.6.fa,no_cluster,R2,227.578262850734
PosCtrl,ColiGuard,bins.7.fa,1255_2,R2,207.273863188134
PosCtrl,ColiGuard,bins.8.fa,no_cluster,R2,45.496199319
PosCtrl,ColiGuard,bins.9.fa,no_cluster,R2,1332494.88833333
PosCtrl,MockCommunity,bins.1.fa,1255_2,R3,1511139.657477
PosCtrl,MockCommunity,bins.10.fa,no_cluster,R3,21.2068556001667
PosCtrl,MockCommunity,bins.11.fa,no_cluster,R3,371418.298316666
PosCtrl,MockCommunity,bins.12.fa,1011_1,R3,295890.728335667
PosCtrl,MockCommunity,bins.13.fa,no_cluster,R3,1021126.68311
PosCtrl,MockCommunity,bins.14.fa,no_cluster,R3,246975.528126667
PosCtrl,MockCommunity,bins.15.fa,no_cluster,R3,265.119680696667
PosCtrl,MockCommunity,bins.2.fa,228_1,R3,90059.4459225667
PosCtrl,MockCommunity,bins.3.fa,366_1,R3,849.712426398001
PosCtrl,MockCommunity,bins.4.fa,1222_1,R3,399293.512504667
PosCtrl,MockCommunity,bins.5.fa,1010_1,R3,898821.024966334
PosCtrl,MockCommunity,bins.6.fa,no_cluster,R3,2302341.28775333
PosCtrl,MockCommunity,bins.7.fa,no_cluster,R3,349664.36615
PosCtrl,MockCommunity,bins.8.fa,no_cluster,R3,581473.916833333
PosCtrl,MockCommunity,bins.9.fa,1254_1,R3,6149088.25577
PosCtrl,Protexin,bins.1.fa,no_cluster,R3,2821857.50333
PosCtrl,Protexin,bins.10.fa,no_cluster,R3,258058.347929333
PosCtrl,Protexin,bins.11.fa,289_5,R3,788.9375004127
PosCtrl,Protexin,bins.12.fa,no_cluster,R3,287835.500508667
PosCtrl,Protexin,bins.13.fa,no_cluster,R3,447770.179896666
PosCtrl,Protexin,bins.14.fa,no_cluster,R3,226.2225006274
PosCtrl,Protexin,bins.15.fa,no_cluster,R3,79846.8717753334
PosCtrl,Protexin,bins.16.fa,no_cluster,R3,274722.151216
PosCtrl,Protexin,bins.17.fa,no_cluster,R3,232200.292031333
PosCtrl,Protexin,bins.18.fa,619_0,R3,347203.582403333
PosCtrl,Protexin,bins.19.fa,no_cluster,R3,1822609.66494
PosCtrl,Protexin,bins.2.fa,no_cluster,R3,201115.879224333
PosCtrl,Protexin,bins.20.fa,no_cluster,R3,613527.47576
PosCtrl,Protexin,bins.3.fa,no_cluster,R3,155826.035783
PosCtrl,Protexin,bins.4.fa,no_cluster,R3,534841.466613333
PosCtrl,Protexin,bins.5.fa,no_cluster,R3,627970.13696
PosCtrl,Protexin,bins.6.fa,no_cluster,R3,181588.374976667
PosCtrl,Protexin,bins.7.fa,no_cluster,R3,125399.595753333
PosCtrl,Protexin,bins.8.fa,no_cluster,R3,113666.158883333
PosCtrl,Protexin,bins.9.fa,no_cluster,R3,4062985.67600001
PosCtrl,ColiGuard,bins.1.fa,no_cluster,R3,22.2143078313333
PosCtrl,ColiGuard,bins.10.fa,no_cluster,R3,4571839.9704
PosCtrl,ColiGuard,bins.11.fa,no_cluster,R3,41.5368841523666
PosCtrl,ColiGuard,bins.12.fa,no_cluster,R3,1749570.33363334
PosCtrl,ColiGuard,bins.13.fa,no_cluster,R3,1185584.51883334
PosCtrl,ColiGuard,bins.2.fa,655_1,R3,240.79153098539
PosCtrl,ColiGuard,bins.3.fa,no_cluster,R3,236076.154978333
PosCtrl,ColiGuard,bins.4.fa,662_1,R3,433942.949656333
PosCtrl,ColiGuard,bins.5.fa,1254_1,R3,245.684510860851
PosCtrl,ColiGuard,bins.6.fa,no_cluster,R3,34.5668281119
PosCtrl,ColiGuard,bins.7.fa,1255_2,R3,674.9610543567
PosCtrl,ColiGuard,bins.8.fa,no_cluster,R3,39.5178318475667
PosCtrl,ColiGuard,bins.9.fa,no_cluster,R3,1108668.30993
PosCtrl,MockCommunity,bins.1.fa,1255_2,R4,998722.053569
PosCtrl,MockCommunity,bins.10.fa,no_cluster,R4,5.07119013286666
PosCtrl,MockCommunity,bins.11.fa,no_cluster,R4,306796.74089
PosCtrl,MockCommunity,bins.12.fa,1011_1,R4,96032.9282120003
PosCtrl,MockCommunity,bins.13.fa,no_cluster,R4,766845.733203336
PosCtrl,MockCommunity,bins.14.fa,no_cluster,R4,206293.57572
PosCtrl,MockCommunity,bins.15.fa,no_cluster,R4,44.0733161373333
PosCtrl,MockCommunity,bins.2.fa,228_1,R4,49344.4592306
PosCtrl,MockCommunity,bins.3.fa,366_1,R4,160.359250304333
PosCtrl,MockCommunity,bins.4.fa,1222_1,R4,191159.329148001
PosCtrl,MockCommunity,bins.5.fa,1010_1,R4,303020.421564667
PosCtrl,MockCommunity,bins.6.fa,no_cluster,R4,1788039.45618001
PosCtrl,MockCommunity,bins.7.fa,no_cluster,R4,311502.076013333
PosCtrl,MockCommunity,bins.8.fa,no_cluster,R4,472445.08627
PosCtrl,MockCommunity,bins.9.fa,1254_1,R4,5351567.54179333
PosCtrl,Protexin,bins.1.fa,no_cluster,R4,3473061.04684334
PosCtrl,Protexin,bins.10.fa,no_cluster,R4,347705.92257
PosCtrl,Protexin,bins.11.fa,289_5,R4,233.905110609867
PosCtrl,Protexin,bins.12.fa,no_cluster,R4,178123.850040667
PosCtrl,Protexin,bins.13.fa,no_cluster,R4,604573.56757
PosCtrl,Protexin,bins.14.fa,no_cluster,R4,2150.40464782233
PosCtrl,Protexin,bins.15.fa,no_cluster,R4,345351.719546666
PosCtrl,Protexin,bins.16.fa,no_cluster,R4,158671.391911
PosCtrl,Protexin,bins.17.fa,no_cluster,R4,141598.096734333
PosCtrl,Protexin,bins.18.fa,619_0,R4,363507.129373
PosCtrl,Protexin,bins.19.fa,no_cluster,R4,2063427.99737
PosCtrl,Protexin,bins.2.fa,no_cluster,R4,877210.489486667
PosCtrl,Protexin,bins.20.fa,no_cluster,R4,717991.49177
PosCtrl,Protexin,bins.3.fa,no_cluster,R4,90161.1043319999
PosCtrl,Protexin,bins.4.fa,no_cluster,R4,602906.916326667
PosCtrl,Protexin,bins.5.fa,no_cluster,R4,715027.63728
PosCtrl,Protexin,bins.6.fa,no_cluster,R4,783101.291723333
PosCtrl,Protexin,bins.7.fa,no_cluster,R4,537556.76865
PosCtrl,Protexin,bins.8.fa,no_cluster,R4,69639.5597533334
PosCtrl,Protexin,bins.9.fa,no_cluster,R4,5018485.95493335
PosCtrl,ColiGuard,bins.1.fa,no_cluster,R4,2577.7639376
PosCtrl,ColiGuard,bins.10.fa,no_cluster,R4,4869006.14106667
PosCtrl,ColiGuard,bins.11.fa,no_cluster,R4,335.138386427068
PosCtrl,ColiGuard,bins.12.fa,no_cluster,R4,1838977.9424
PosCtrl,ColiGuard,bins.13.fa,no_cluster,R4,1255712.98466667
PosCtrl,ColiGuard,bins.2.fa,655_1,R4,20983.2245452733
PosCtrl,ColiGuard,bins.3.fa,no_cluster,R4,282034.028316333
PosCtrl,ColiGuard,bins.4.fa,662_1,R4,523214.485540667
PosCtrl,ColiGuard,bins.5.fa,1254_1,R4,41177.4927119333
PosCtrl,ColiGuard,bins.6.fa,no_cluster,R4,414.643660744734
PosCtrl,ColiGuard,bins.7.fa,1255_2,R4,8174.78100848866
PosCtrl,ColiGuard,bins.8.fa,no_cluster,R4,368.782202542667
PosCtrl,ColiGuard,bins.9.fa,no_cluster,R4,1159300.27556667
PosCtrl,MockCommunity,bins.1.fa,1255_2,R5,1300282.413565
PosCtrl,MockCommunity,bins.10.fa,no_cluster,R5,8.67359972453332
PosCtrl,MockCommunity,bins.11.fa,no_cluster,R5,355833.197393334
PosCtrl,MockCommunity,bins.12.fa,1011_1,R5,258686.837856
PosCtrl,MockCommunity,bins.13.fa,no_cluster,R5,926800.345829999
PosCtrl,MockCommunity,bins.14.fa,no_cluster,R5,248785.755630001
PosCtrl,MockCommunity,bins.15.fa,no_cluster,R5,22.2172189966667
PosCtrl,MockCommunity,bins.2.fa,228_1,R5,74979.3746828667
PosCtrl,MockCommunity,bins.3.fa,366_1,R5,55.5989269657003
PosCtrl,MockCommunity,bins.4.fa,1222_1,R5,381240.354091
PosCtrl,MockCommunity,bins.5.fa,1010_1,R5,834974.405381
PosCtrl,MockCommunity,bins.6.fa,no_cluster,R5,2170165.54182333
PosCtrl,MockCommunity,bins.7.fa,no_cluster,R5,322815.913196666
PosCtrl,MockCommunity,bins.8.fa,no_cluster,R5,575753.680786667
PosCtrl,MockCommunity,bins.9.fa,1254_1,R5,6020860.31573001
PosCtrl,Protexin,bins.1.fa,no_cluster,R5,1387125.23169667
PosCtrl,Protexin,bins.10.fa,no_cluster,R5,226006.847241
PosCtrl,Protexin,bins.11.fa,289_5,R5,124.658209971667
PosCtrl,Protexin,bins.12.fa,no_cluster,R5,190988.040917667
PosCtrl,Protexin,bins.13.fa,no_cluster,R5,377217.473033335
PosCtrl,Protexin,bins.14.fa,no_cluster,R5,90.8043366088335
PosCtrl,Protexin,bins.15.fa,no_cluster,R5,343016.738463334
PosCtrl,Protexin,bins.16.fa,no_cluster,R5,80619.8301203332
PosCtrl,Protexin,bins.17.fa,no_cluster,R5,158936.638973333
PosCtrl,Protexin,bins.18.fa,619_0,R5,428249.889912333
PosCtrl,Protexin,bins.19.fa,no_cluster,R5,2565425.10323333
PosCtrl,Protexin,bins.2.fa,no_cluster,R5,848444.082309999
PosCtrl,Protexin,bins.20.fa,no_cluster,R5,875033.3187
PosCtrl,Protexin,bins.3.fa,no_cluster,R5,43916.9577116333
PosCtrl,Protexin,bins.4.fa,no_cluster,R5,746743.804366666
PosCtrl,Protexin,bins.5.fa,no_cluster,R5,874434.99328
PosCtrl,Protexin,bins.6.fa,no_cluster,R5,771014.392983334
PosCtrl,Protexin,bins.7.fa,no_cluster,R5,540937.65773
PosCtrl,Protexin,bins.8.fa,no_cluster,R5,76130.0791506667
PosCtrl,Protexin,bins.9.fa,no_cluster,R5,2023240.01979
PosCtrl,ColiGuard,bins.1.fa,no_cluster,R5,19.8989301199
PosCtrl,ColiGuard,bins.10.fa,no_cluster,R5,3772057.86663334
PosCtrl,ColiGuard,bins.11.fa,no_cluster,R5,6.04441728016667
PosCtrl,ColiGuard,bins.12.fa,no_cluster,R5,1446323.04078
PosCtrl,ColiGuard,bins.13.fa,no_cluster,R5,975080.663166665
PosCtrl,ColiGuard,bins.2.fa,655_1,R5,148.904170194493
PosCtrl,ColiGuard,bins.3.fa,no_cluster,R5,275723.592286667
PosCtrl,ColiGuard,bins.4.fa,662_1,R5,512234.587783667
PosCtrl,ColiGuard,bins.5.fa,1254_1,R5,238.236028995133
PosCtrl,ColiGuard,bins.6.fa,no_cluster,R5,17.5283645094667
PosCtrl,ColiGuard,bins.7.fa,1255_2,R5,67.7156801900334
PosCtrl,ColiGuard,bins.8.fa,no_cluster,R5,10.4152999228667
PosCtrl,ColiGuard,bins.9.fa,no_cluster,R5,909533.498123334
PosCtrl,MockCommunity,bins.1.fa,1255_2,R6,966886.001196666
PosCtrl,MockCommunity,bins.10.fa,no_cluster,R6,3.66334342446668
PosCtrl,MockCommunity,bins.11.fa,no_cluster,R6,279604.30595
PosCtrl,MockCommunity,bins.12.fa,1011_1,R6,110729.747901333
PosCtrl,MockCommunity,bins.13.fa,no_cluster,R6,522922.454270668
PosCtrl,MockCommunity,bins.14.fa,no_cluster,R6,139451.253178333
PosCtrl,MockCommunity,bins.15.fa,no_cluster,R6,2.0991581968
PosCtrl,MockCommunity,bins.2.fa,228_1,R6,45422.8991336334
PosCtrl,MockCommunity,bins.3.fa,366_1,R6,6.22237294465666
PosCtrl,MockCommunity,bins.4.fa,1222_1,R6,208748.550922666
PosCtrl,MockCommunity,bins.5.fa,1010_1,R6,355134.562604667
PosCtrl,MockCommunity,bins.6.fa,no_cluster,R6,1224227.18626766
PosCtrl,MockCommunity,bins.7.fa,no_cluster,R6,253680.708323333
PosCtrl,MockCommunity,bins.8.fa,no_cluster,R6,324232.896313333
PosCtrl,MockCommunity,bins.9.fa,1254_1,R6,4784601.2168
PosCtrl,Protexin,bins.1.fa,no_cluster,R6,1913720.65187
PosCtrl,Protexin,bins.10.fa,no_cluster,R6,261416.741001667
PosCtrl,Protexin,bins.11.fa,289_5,R6,44.2580392496001
PosCtrl,Protexin,bins.12.fa,no_cluster,R6,519630.91739
PosCtrl,Protexin,bins.13.fa,no_cluster,R6,448527.577456668
PosCtrl,Protexin,bins.14.fa,no_cluster,R6,28683.4966761133
PosCtrl,Protexin,bins.15.fa,no_cluster,R6,110765.895035
PosCtrl,Protexin,bins.16.fa,no_cluster,R6,649303.987320668
PosCtrl,Protexin,bins.17.fa,no_cluster,R6,420097.474996668
PosCtrl,Protexin,bins.18.fa,619_0,R6,789788.224835333
PosCtrl,Protexin,bins.19.fa,no_cluster,R6,2358560.30917667
PosCtrl,Protexin,bins.2.fa,no_cluster,R6,278312.615826667
PosCtrl,Protexin,bins.20.fa,no_cluster,R6,811070.907816666
PosCtrl,Protexin,bins.3.fa,no_cluster,R6,362668.532188667
PosCtrl,Protexin,bins.4.fa,no_cluster,R6,684881.081613333
PosCtrl,Protexin,bins.5.fa,no_cluster,R6,812157.485896667
PosCtrl,Protexin,bins.6.fa,no_cluster,R6,252935.07412
PosCtrl,Protexin,bins.7.fa,no_cluster,R6,173538.349073333
PosCtrl,Protexin,bins.8.fa,no_cluster,R6,206160.609676667
PosCtrl,Protexin,bins.9.fa,no_cluster,R6,2783558.05308333
PosCtrl,ColiGuard,bins.1.fa,no_cluster,R6,31749.244565
PosCtrl,ColiGuard,bins.10.fa,no_cluster,R6,5263712.66810001
PosCtrl,ColiGuard,bins.11.fa,no_cluster,R6,15428.5361499333
PosCtrl,ColiGuard,bins.12.fa,no_cluster,R6,2000856.60486667
PosCtrl,ColiGuard,bins.13.fa,no_cluster,R6,1358761.46483333
PosCtrl,ColiGuard,bins.2.fa,655_1,R6,255086.607438434
PosCtrl,ColiGuard,bins.3.fa,no_cluster,R6,391247.662603333
PosCtrl,ColiGuard,bins.4.fa,662_1,R6,726037.15794767
PosCtrl,ColiGuard,bins.5.fa,1254_1,R6,485086.017213333
PosCtrl,ColiGuard,bins.6.fa,no_cluster,R6,40232.5863222334
PosCtrl,ColiGuard,bins.7.fa,1255_2,R6,86060.3082390667
PosCtrl,ColiGuard,bins.8.fa,no_cluster,R6,34299.7306721667
PosCtrl,ColiGuard,bins.9.fa,no_cluster,R6,1265175.71046666
PosCtrl,MockCommunity,bins.1.fa,1255_2,R7,1435031.73052766
PosCtrl,MockCommunity,bins.10.fa,no_cluster,R7,3.81066301233334
PosCtrl,MockCommunity,bins.11.fa,no_cluster,R7,442401.291913334
PosCtrl,MockCommunity,bins.12.fa,1011_1,R7,157341.693423667
PosCtrl,MockCommunity,bins.13.fa,no_cluster,R7,812618.797066668
PosCtrl,MockCommunity,bins.14.fa,no_cluster,R7,216521.98799
PosCtrl,MockCommunity,bins.15.fa,no_cluster,R7,2.4305055612
PosCtrl,MockCommunity,bins.2.fa,228_1,R7,72189.9210515334
PosCtrl,MockCommunity,bins.3.fa,366_1,R7,4.36488482494334
PosCtrl,MockCommunity,bins.4.fa,1222_1,R7,327274.392515667
PosCtrl,MockCommunity,bins.5.fa,1010_1,R7,465426.025364
PosCtrl,MockCommunity,bins.6.fa,no_cluster,R7,1887984.37272
PosCtrl,MockCommunity,bins.7.fa,no_cluster,R7,407978.701183333
PosCtrl,MockCommunity,bins.8.fa,no_cluster,R7,496695.650683333
PosCtrl,MockCommunity,bins.9.fa,1254_1,R7,7634805.27299001
PosCtrl,Protexin,bins.1.fa,no_cluster,R7,2640000.37084333
PosCtrl,Protexin,bins.10.fa,no_cluster,R7,271437.507743334
PosCtrl,Protexin,bins.11.fa,289_5,R7,22941.6930005
PosCtrl,Protexin,bins.12.fa,no_cluster,R7,140250.073129667
PosCtrl,Protexin,bins.13.fa,no_cluster,R7,466134.498919999
PosCtrl,Protexin,bins.14.fa,no_cluster,R7,115.194987928966
PosCtrl,Protexin,bins.15.fa,no_cluster,R7,103924.760341
PosCtrl,Protexin,bins.16.fa,no_cluster,R7,1217438.74730334
PosCtrl,Protexin,bins.17.fa,no_cluster,R7,112495.814076667
PosCtrl,Protexin,bins.18.fa,619_0,R7,202875.309201334
PosCtrl,Protexin,bins.19.fa,no_cluster,R7,2648388.08984333
PosCtrl,Protexin,bins.2.fa,no_cluster,R7,262149.998546668
PosCtrl,Protexin,bins.20.fa,no_cluster,R7,897244.503523334
PosCtrl,Protexin,bins.3.fa,no_cluster,R7,680665.017053332
PosCtrl,Protexin,bins.4.fa,no_cluster,R7,775720.731513334
PosCtrl,Protexin,bins.5.fa,no_cluster,R7,910942.62541
PosCtrl,Protexin,bins.6.fa,no_cluster,R7,237466.85975
PosCtrl,Protexin,bins.7.fa,no_cluster,R7,163031.860393333
PosCtrl,Protexin,bins.8.fa,no_cluster,R7,55516.4315606667
PosCtrl,Protexin,bins.9.fa,no_cluster,R7,3814478.32205668
PosCtrl,ColiGuard,bins.1.fa,no_cluster,R7,0
PosCtrl,ColiGuard,bins.10.fa,no_cluster,R7,5849655.73923332
PosCtrl,ColiGuard,bins.11.fa,no_cluster,R7,33.9221387480666
PosCtrl,ColiGuard,bins.12.fa,no_cluster,R7,2200409.47786666
PosCtrl,ColiGuard,bins.13.fa,no_cluster,R7,1507977.48033334
PosCtrl,ColiGuard,bins.2.fa,655_1,R7,16.0661286760667
PosCtrl,ColiGuard,bins.3.fa,no_cluster,R7,389722.808986668
PosCtrl,ColiGuard,bins.4.fa,662_1,R7,723798.088345336
PosCtrl,ColiGuard,bins.5.fa,1254_1,R7,7.76366331
PosCtrl,ColiGuard,bins.6.fa,no_cluster,R7,26.4493386811667
PosCtrl,ColiGuard,bins.7.fa,1255_2,R7,126.073599996667
PosCtrl,ColiGuard,bins.8.fa,no_cluster,R7,37.4516541320667
PosCtrl,ColiGuard,bins.9.fa,no_cluster,R7,1381611.2781
PosCtrl,MockCommunity,bins.1.fa,1255_2,R8,9894418.39621334
PosCtrl,MockCommunity,bins.10.fa,no_cluster,R8,18414.9413844667
PosCtrl,MockCommunity,bins.11.fa,no_cluster,R8,2601422.2814
PosCtrl,MockCommunity,bins.12.fa,1011_1,R8,1020654.70505666
PosCtrl,MockCommunity,bins.13.fa,no_cluster,R8,3955621.17466
PosCtrl,MockCommunity,bins.14.fa,no_cluster,R8,921190.859893334
PosCtrl,MockCommunity,bins.15.fa,no_cluster,R8,137696.608273333
PosCtrl,MockCommunity,bins.2.fa,228_1,R8,519639.211071
PosCtrl,MockCommunity,bins.3.fa,366_1,R8,411107.5646271
PosCtrl,MockCommunity,bins.4.fa,1222_1,R8,2500943.24967667
PosCtrl,MockCommunity,bins.5.fa,1010_1,R8,3191996.96948
PosCtrl,MockCommunity,bins.6.fa,no_cluster,R8,8595873.16625334
PosCtrl,MockCommunity,bins.7.fa,no_cluster,R8,2803703.06573333
PosCtrl,MockCommunity,bins.8.fa,no_cluster,R8,2049122.33130667
PosCtrl,MockCommunity,bins.9.fa,1254_1,R8,44900225.4168
PosCtrl,Protexin,bins.1.fa,no_cluster,R8,1535201.83742333
PosCtrl,Protexin,bins.10.fa,no_cluster,R8,129564.045783667
PosCtrl,Protexin,bins.11.fa,289_5,R8,14.5790679920667
PosCtrl,Protexin,bins.12.fa,no_cluster,R8,152198.105975667
PosCtrl,Protexin,bins.13.fa,no_cluster,R8,218476.224643333
PosCtrl,Protexin,bins.14.fa,no_cluster,R8,7.65983253033332
PosCtrl,Protexin,bins.15.fa,no_cluster,R8,72208.9116743333
PosCtrl,Protexin,bins.16.fa,no_cluster,R8,1958797.28228667
PosCtrl,Protexin,bins.17.fa,no_cluster,R8,123901.511621333
PosCtrl,Protexin,bins.18.fa,619_0,R8,216092.094246333
PosCtrl,Protexin,bins.19.fa,no_cluster,R8,1435969.69205
PosCtrl,Protexin,bins.2.fa,no_cluster,R8,181631.920783667
PosCtrl,Protexin,bins.20.fa,no_cluster,R8,482846.455356667
PosCtrl,Protexin,bins.3.fa,no_cluster,R8,1083069.32323667
PosCtrl,Protexin,bins.4.fa,no_cluster,R8,420225.62282
PosCtrl,Protexin,bins.5.fa,no_cluster,R8,499461.34036
PosCtrl,Protexin,bins.6.fa,no_cluster,R8,165891.668845333
PosCtrl,Protexin,bins.7.fa,no_cluster,R8,114937.345433333
PosCtrl,Protexin,bins.8.fa,no_cluster,R8,60734.7655546667
PosCtrl,Protexin,bins.9.fa,no_cluster,R8,2230159.87788667
PosCtrl,ColiGuard,bins.1.fa,no_cluster,R8,0.723402986353333
PosCtrl,ColiGuard,bins.10.fa,no_cluster,R8,5659942.91460001
PosCtrl,ColiGuard,bins.11.fa,no_cluster,R8,39.5965860653001
PosCtrl,ColiGuard,bins.12.fa,no_cluster,R8,2110080.44966666
PosCtrl,ColiGuard,bins.13.fa,no_cluster,R8,1452684.19666667
PosCtrl,ColiGuard,bins.2.fa,655_1,R8,32.0201829260667
PosCtrl,ColiGuard,bins.3.fa,no_cluster,R8,294186.627333334
PosCtrl,ColiGuard,bins.4.fa,662_1,R8,543529.899927
PosCtrl,ColiGuard,bins.5.fa,1254_1,R8,19.6830067125966
PosCtrl,ColiGuard,bins.6.fa,no_cluster,R8,63.2127814440664
PosCtrl,ColiGuard,bins.7.fa,1255_2,R8,1035.9690733285
PosCtrl,ColiGuard,bins.8.fa,no_cluster,R8,47.2750835339667
PosCtrl,ColiGuard,bins.9.fa,no_cluster,R8,1327234.72323334
PosCtrl,MockCommunity,bins.1.fa,1255_2,R9,1194632.514342
PosCtrl,MockCommunity,bins.10.fa,no_cluster,R9,0.635273622600001
PosCtrl,MockCommunity,bins.11.fa,no_cluster,R9,391561.593383333
PosCtrl,MockCommunity,bins.12.fa,1011_1,R9,84752.5363280664
PosCtrl,MockCommunity,bins.13.fa,no_cluster,R9,943241.100739998
PosCtrl,MockCommunity,bins.14.fa,no_cluster,R9,253039.63551
PosCtrl,MockCommunity,bins.15.fa,no_cluster,R9,0
PosCtrl,MockCommunity,bins.2.fa,228_1,R9,59483.9792004667
PosCtrl,MockCommunity,bins.3.fa,366_1,R9,4.58298410656333
PosCtrl,MockCommunity,bins.4.fa,1222_1,R9,240571.576984666
PosCtrl,MockCommunity,bins.5.fa,1010_1,R9,274114.937010001
PosCtrl,MockCommunity,bins.6.fa,no_cluster,R9,2190114.53809333
PosCtrl,MockCommunity,bins.7.fa,no_cluster,R9,361199.220536666
PosCtrl,MockCommunity,bins.8.fa,no_cluster,R9,578005.727376667
PosCtrl,MockCommunity,bins.9.fa,1254_1,R9,6868377.20804001
PosCtrl,Protexin,bins.1.fa,no_cluster,R9,0
PosCtrl,Protexin,bins.10.fa,no_cluster,R9,0
PosCtrl,Protexin,bins.11.fa,289_5,R9,0
PosCtrl,Protexin,bins.12.fa,no_cluster,R9,0
PosCtrl,Protexin,bins.13.fa,no_cluster,R9,0
PosCtrl,Protexin,bins.14.fa,no_cluster,R9,0
PosCtrl,Protexin,bins.15.fa,no_cluster,R9,0
PosCtrl,Protexin,bins.16.fa,no_cluster,R9,0
PosCtrl,Protexin,bins.17.fa,no_cluster,R9,0
PosCtrl,Protexin,bins.18.fa,619_0,R9,0
PosCtrl,Protexin,bins.19.fa,no_cluster,R9,0
PosCtrl,Protexin,bins.2.fa,no_cluster,R9,0
PosCtrl,Protexin,bins.20.fa,no_cluster,R9,0
PosCtrl,Protexin,bins.3.fa,no_cluster,R9,0
PosCtrl,Protexin,bins.4.fa,no_cluster,R9,0
PosCtrl,Protexin,bins.5.fa,no_cluster,R9,0
PosCtrl,Protexin,bins.6.fa,no_cluster,R9,0
PosCtrl,Protexin,bins.7.fa,no_cluster,R9,0
PosCtrl,Protexin,bins.8.fa,no_cluster,R9,0
PosCtrl,Protexin,bins.9.fa,no_cluster,R9,0
PosCtrl,ColiGuard,bins.1.fa,no_cluster,R9,0
PosCtrl,ColiGuard,bins.10.fa,no_cluster,R9,0
PosCtrl,ColiGuard,bins.11.fa,no_cluster,R9,0
PosCtrl,ColiGuard,bins.12.fa,no_cluster,R9,0
PosCtrl,ColiGuard,bins.13.fa,no_cluster,R9,0
PosCtrl,ColiGuard,bins.2.fa,655_1,R9,0
PosCtrl,ColiGuard,bins.3.fa,no_cluster,R9,0
PosCtrl,ColiGuard,bins.4.fa,662_1,R9,0
PosCtrl,ColiGuard,bins.5.fa,1254_1,R9,0
PosCtrl,ColiGuard,bins.6.fa,no_cluster,R9,0
PosCtrl,ColiGuard,bins.7.fa,1255_2,R9,0
PosCtrl,ColiGuard,bins.8.fa,no_cluster,R9,0
PosCtrl,ColiGuard,bins.9.fa,no_cluster,R9,0
