Comparison,Z,P.unadj,P.adj,axis,type,test,correction
1A - 1B,1.28285396117964,0.199543244894331,1,Axis.1,ctrlt0,Dunn.test,Bonferroni
1A - 1C,-0.47454694730322,0.635109928013693,1,Axis.1,ctrlt0,Dunn.test,Bonferroni
1B - 1C,-1.81444421027702,0.0696093645395244,0.417656187237146,Axis.1,ctrlt0,Dunn.test,Bonferroni
1A - 1D,-0.491353814911995,0.623176223882117,1,Axis.1,ctrlt0,Dunn.test,Bonferroni
1B - 1D,-1.70084012854152,0.0889730117018133,0.53383807021088,Axis.1,ctrlt0,Dunn.test,Bonferroni
1C - 1D,-0.0654653670707977,0.94780348023542,1,Axis.1,ctrlt0,Dunn.test,Bonferroni
1A - 1B,-1.97773319015194,0.0479588139310902,0.287752883586541,Axis.2,ctrlt0,Dunn.test,Bonferroni
1A - 1C,-2.06567494708461,0.0388591824039592,0.233155094423755,Axis.2,ctrlt0,Dunn.test,Bonferroni
1B - 1C,0,1,1,Axis.2,ctrlt0,Dunn.test,Bonferroni
1A - 1D,-1.04570170865886,0.295698773692679,1,Axis.2,ctrlt0,Dunn.test,Bonferroni
1B - 1D,0.818923024853326,0.412830332378143,1,Axis.2,ctrlt0,Dunn.test,Bonferroni
1C - 1D,0.85104977192037,0.394741705213007,1,Axis.2,ctrlt0,Dunn.test,Bonferroni
1A - 1B,-2.03188863586847,0.0421649312533629,0.126494793760089,Axis.1,ctrlt8,Dunn.test,Bonferroni
1A - 1C,0.316227766016838,0.751829634045849,1,Axis.1,ctrlt8,Dunn.test,Bonferroni
1B - 1C,2,0.0455002638963584,0.136500791689075,Axis.1,ctrlt8,Dunn.test,Bonferroni
1A - 1B,-0.717137165600636,0.47328946538009,1,Axis.2,ctrlt8,Dunn.test,Bonferroni
1A - 1C,-1.89736659610103,0.0577795711235972,0.173338713370792,Axis.2,ctrlt8,Dunn.test,Bonferroni
1B - 1C,-1.2,0.230139340443417,0.69041802133025,Axis.2,ctrlt8,Dunn.test,Bonferroni
1A - 1B,1.23590304771939,0.216494604028043,1,Axis.1,dscourt0,Dunn.test,Bonferroni
1A - 1C,-0.0938806278700343,0.925203982583637,1,Axis.1,dscourt0,Dunn.test,Bonferroni
1B - 1C,-1.38473926108301,0.166132209354452,1,Axis.1,dscourt0,Dunn.test,Bonferroni
1A - 1D,-0.323083884738314,0.746631714474405,1,Axis.1,dscourt0,Dunn.test,Bonferroni
1B - 1D,-1.48830445264699,0.136670621245067,1,Axis.1,dscourt0,Dunn.test,Bonferroni
1C - 1D,-0.247690786783347,0.804373660870733,1,Axis.1,dscourt0,Dunn.test,Bonferroni
1A - 2A,-0.465491446522253,0.641579560840905,1,Axis.1,dscourt0,Dunn.test,Bonferroni
1B - 2A,-1.75635007973522,0.0790286510909763,1,Axis.1,dscourt0,Dunn.test,Bonferroni
1C - 2A,-0.389748714678201,0.696722370311555,1,Axis.1,dscourt0,Dunn.test,Bonferroni
1D - 2A,-0.100911061282104,0.919621062299674,1,Axis.1,dscourt0,Dunn.test,Bonferroni
1A - 2B,-0.595480559355708,0.551522290283809,1,Axis.1,dscourt0,Dunn.test,Bonferroni
1B - 2B,-1.8313836070751,0.0670433063531793,1,Axis.1,dscourt0,Dunn.test,Bonferroni
1C - 2B,-0.528078531768943,0.597444830579159,1,Axis.1,dscourt0,Dunn.test,Bonferroni
1D - 2B,-0.238340570708592,0.811616956949466,1,Axis.1,dscourt0,Dunn.test,Bonferroni
2A - 2B,-0.156467713116724,0.875664366961674,1,Axis.1,dscourt0,Dunn.test,Bonferroni
1A - 2C,-1.14025845933812,0.254178638801501,1,Axis.1,dscourt0,Dunn.test,Bonferroni
1B - 2C,-2.4311170925511,0.0150523491525842,1,Axis.1,dscourt0,Dunn.test,Bonferroni
1C - 2C,-1.09745032817283,0.272444583101661,1,Axis.1,dscourt0,Dunn.test,Bonferroni
1D - 2C,-0.733898627506212,0.463010523640962,1,Axis.1,dscourt0,Dunn.test,Bonferroni
2A - 2C,-0.707701613494627,0.479130575227519,1,Axis.1,dscourt0,Dunn.test,Bonferroni
2B - 2C,-0.518299299699147,0.604249461465385,1,Axis.1,dscourt0,Dunn.test,Bonferroni
1A - 2D,1.19964753923325,0.230276255324479,1,Axis.1,dscourt0,Dunn.test,Bonferroni
1B - 2D,0.0344269713245744,0.972536676208801,1,Axis.1,dscourt0,Dunn.test,Bonferroni
1C - 2D,1.33477812877692,0.181948973786457,1,Axis.1,dscourt0,Dunn.test,Bonferroni
1D - 2D,1.4445898693385,0.148573120029791,1,Axis.1,dscourt0,Dunn.test,Bonferroni
2A - 2D,1.68337997684237,0.0923015569224292,1,Axis.1,dscourt0,Dunn.test,Bonferroni
2B - 2D,1.76107199468015,0.0782262183491959,1,Axis.1,dscourt0,Dunn.test,Bonferroni
2C - 2D,2.31636754306648,0.0205382093379997,1,Axis.1,dscourt0,Dunn.test,Bonferroni
1A - 2E,-1.45628855374813,0.145312868397599,1,Axis.1,dscourt0,Dunn.test,Bonferroni
1B - 2E,-2.52661198968774,0.0115168663407811,1,Axis.1,dscourt0,Dunn.test,Bonferroni
1C - 2E,-1.42365378427562,0.15454671827367,1,Axis.1,dscourt0,Dunn.test,Bonferroni
1D - 2E,-1.10871036629263,0.267555148494824,1,Axis.1,dscourt0,Dunn.test,Bonferroni
2A - 2E,-1.10542529131989,0.268975349812299,1,Axis.1,dscourt0,Dunn.test,Bonferroni
2B - 2E,-0.940587261886321,0.346916412190829,1,Axis.1,dscourt0,Dunn.test,Bonferroni
2C - 2E,-0.527589343584494,0.597784390883448,1,Axis.1,dscourt0,Dunn.test,Bonferroni
2D - 2E,-2.44614070325401,0.0144394637284927,1,Axis.1,dscourt0,Dunn.test,Bonferroni
1A - 2F,1.65193250693967,0.0985483104534767,1,Axis.1,dscourt0,Dunn.test,Bonferroni
1B - 2F,0.717677618696157,0.472956086436471,1,Axis.1,dscourt0,Dunn.test,Bonferroni
1C - 2F,1.76235084376764,0.0780100384277908,1,Axis.1,dscourt0,Dunn.test,Bonferroni
1D - 2F,1.8461781221599,0.0648663465055723,1,Axis.1,dscourt0,Dunn.test,Bonferroni
2A - 2F,2.03794480287534,0.0415554532907737,1,Axis.1,dscourt0,Dunn.test,Bonferroni
2B - 2F,2.10207349854791,0.0355468379514507,1,Axis.1,dscourt0,Dunn.test,Bonferroni
2C - 2F,2.53836541283405,0.0111371630611878,1,Axis.1,dscourt0,Dunn.test,Bonferroni
2D - 2F,0.666675433002185,0.504979474333418,1,Axis.1,dscourt0,Dunn.test,Bonferroni
2E - 2F,2.67905199420035,0.00738309284381234,1,Axis.1,dscourt0,Dunn.test,Bonferroni
1A - 3A,-0.827323033104677,0.408053992071538,1,Axis.1,dscourt0,Dunn.test,Bonferroni
1B - 3A,-2.11818166631765,0.0341596852563492,1,Axis.1,dscourt0,Dunn.test,Bonferroni
1C - 3A,-0.769240884233291,0.441750323781697,1,Axis.1,dscourt0,Dunn.test,Bonferroni
1D - 3A,-0.440339176503727,0.659691470368906,1,Axis.1,dscourt0,Dunn.test,Bonferroni
2A - 3A,-0.37949216955509,0.70432241798984,1,Axis.1,dscourt0,Dunn.test,Bonferroni
2B - 3A,-0.2053638734657,0.83728784350533,1,Axis.1,dscourt0,Dunn.test,Bonferroni
2C - 3A,0.328209443939537,0.742753307773093,1,Axis.1,dscourt0,Dunn.test,Bonferroni
2D - 3A,-2.022808092064,0.0430929370679174,1,Axis.1,dscourt0,Dunn.test,Bonferroni
2E - 3A,0.795571232389317,0.426281292865508,1,Axis.1,dscourt0,Dunn.test,Bonferroni
2F - 3A,-2.30628628937493,0.0210946407344292,1,Axis.1,dscourt0,Dunn.test,Bonferroni
1A - 3B,-0.455712214452458,0.648596937447146,1,Axis.1,dscourt0,Dunn.test,Bonferroni
1B - 3B,-1.74657084766543,0.080711807707295,1,Axis.1,dscourt0,Dunn.test,Bonferroni
1C - 3B,-0.37949216955509,0.70432241798984,1,Axis.1,dscourt0,Dunn.test,Bonferroni
1D - 3B,-0.0917373284382764,0.926906738620718,1,Axis.1,dscourt0,Dunn.test,Bonferroni
2A - 3B,0.0102565451231108,0.991816604477069,1,Axis.1,dscourt0,Dunn.test,Bonferroni
2B - 3B,0.166246945186519,0.867962616520538,1,Axis.1,dscourt0,Dunn.test,Bonferroni
2C - 3B,0.717958158617738,0.472783086120158,1,Axis.1,dscourt0,Dunn.test,Bonferroni
2D - 3B,-1.67420624399855,0.0940900727769653,1,Axis.1,dscourt0,Dunn.test,Bonferroni
2E - 3B,1.11379972534504,0.265365114837934,1,Axis.1,dscourt0,Dunn.test,Bonferroni
2F - 3B,-2.03069233026724,0.0422862148699708,1,Axis.1,dscourt0,Dunn.test,Bonferroni
3A - 3B,0.389748714678201,0.696722370311555,1,Axis.1,dscourt0,Dunn.test,Bonferroni
1A - 3C,0.28750942285198,0.773722287985167,1,Axis.1,dscourt0,Dunn.test,Bonferroni
1B - 3C,-1.00334921036099,0.315692400379052,1,Axis.1,dscourt0,Dunn.test,Bonferroni
1C - 3C,0.400005259801311,0.689152642727893,1,Axis.1,dscourt0,Dunn.test,Bonferroni
1D - 3C,0.605466367692625,0.544869164950936,1,Axis.1,dscourt0,Dunn.test,Bonferroni
2A - 3C,0.789753974479512,0.429671463053324,1,Axis.1,dscourt0,Dunn.test,Bonferroni
2B - 3C,0.909468582490957,0.363102834431037,1,Axis.1,dscourt0,Dunn.test,Bonferroni
2C - 3C,1.49745558797414,0.134274753433803,1,Axis.1,dscourt0,Dunn.test,Bonferroni
2D - 3C,-0.977002547867645,0.328567890995607,1,Axis.1,dscourt0,Dunn.test,Bonferroni
2E - 3C,1.7502567112565,0.0800740269588174,1,Axis.1,dscourt0,Dunn.test,Bonferroni
2F - 3C,-1.47950441205185,0.139005553033696,1,Axis.1,dscourt0,Dunn.test,Bonferroni
3A - 3C,1.1692461440346,0.242304474700465,1,Axis.1,dscourt0,Dunn.test,Bonferroni
3B - 3C,0.779497429356401,0.435686751284166,1,Axis.1,dscourt0,Dunn.test,Bonferroni
1A - 3D,-0.164190170932586,0.869581438561097,1,Axis.1,dscourt0,Dunn.test,Bonferroni
1B - 3D,-1.32941073884126,0.183712496819479,1,Axis.1,dscourt0,Dunn.test,Bonferroni
1C - 3D,-0.0825635955944489,0.934198548913366,1,Axis.1,dscourt0,Dunn.test,Bonferroni
1D - 3D,0.150739812452713,0.88018096625498,1,Axis.1,dscourt0,Dunn.test,Bonferroni
2A - 3D,0.266038252471002,0.790209749013555,1,Axis.1,dscourt0,Dunn.test,Bonferroni
2B - 3D,0.39723428451432,0.691194702241909,1,Axis.1,dscourt0,Dunn.test,Bonferroni
2C - 3D,0.89902581869511,0.368638908500225,1,Axis.1,dscourt0,Dunn.test,Bonferroni
2D - 3D,-1.29385005688578,0.195717218398859,1,Axis.1,dscourt0,Dunn.test,Bonferroni
2E - 3D,1.24826831449729,0.211932813702989,1,Axis.1,dscourt0,Dunn.test,Bonferroni
2F - 3D,-1.72309958068257,0.0848705186495557,1,Axis.1,dscourt0,Dunn.test,Bonferroni
3A - 3D,0.605466367692625,0.544869164950936,1,Axis.1,dscourt0,Dunn.test,Bonferroni
3B - 3D,0.256864519627174,0.797283361021101,1,Axis.1,dscourt0,Dunn.test,Bonferroni
3C - 3D,-0.440339176503727,0.659691470368906,1,Axis.1,dscourt0,Dunn.test,Bonferroni
1A - 3E,0.0843285131346357,0.932795242934518,1,Axis.1,dscourt0,Dunn.test,Bonferroni
1B - 3E,-0.985994922804971,0.324135604325903,1,Axis.1,dscourt0,Dunn.test,Bonferroni
1C - 3E,0.167488680503014,0.866985553376509,1,Axis.1,dscourt0,Dunn.test,Bonferroni
1D - 3E,0.364401309201073,0.715558357984042,1,Axis.1,dscourt0,Dunn.test,Bonferroni
2A - 3E,0.485717173458741,0.627167705824487,1,Axis.1,dscourt0,Dunn.test,Bonferroni
2B - 3E,0.600029804996446,0.548486372161549,1,Axis.1,dscourt0,Dunn.test,Bonferroni
2C - 3E,1.06355312119414,0.287531188590053,1,Axis.1,dscourt0,Dunn.test,Bonferroni
2D - 3E,-0.973029027760311,0.33053887537002,1,Axis.1,dscourt0,Dunn.test,Bonferroni
2E - 3E,1.37796979553848,0.168212613871263,1,Axis.1,dscourt0,Dunn.test,Bonferroni
2F - 3E,-1.44655834069414,0.148020661077766,1,Axis.1,dscourt0,Dunn.test,Bonferroni
3A - 3E,0.795571232389317,0.426281292865508,1,Axis.1,dscourt0,Dunn.test,Bonferroni
3B - 3E,0.47734273943359,0.633118081460377,1,Axis.1,dscourt0,Dunn.test,Bonferroni
3C - 3E,-0.159114246477863,0.873578864147353,1,Axis.1,dscourt0,Dunn.test,Bonferroni
3D - 3E,0.224843360996407,0.82210113240273,1,Axis.1,dscourt0,Dunn.test,Bonferroni
1A - 3F,0.2293171089325,0.818622456750579,1,Axis.1,dscourt0,Dunn.test,Bonferroni
1B - 3F,-0.704937779311018,0.480848958075244,1,Axis.1,dscourt0,Dunn.test,Bonferroni
1C - 3F,0.304603849540086,0.76066788776455,1,Axis.1,dscourt0,Dunn.test,Bonferroni
1D - 3F,0.471801075663085,0.63706878306079,1,Axis.1,dscourt0,Dunn.test,Bonferroni
2A - 3F,0.580197808647783,0.561781231232306,1,Axis.1,dscourt0,Dunn.test,Bonferroni
2B - 3F,0.67945810054074,0.496847647168084,1,Axis.1,dscourt0,Dunn.test,Bonferroni
2C - 3F,1.08061841860649,0.279866886005864,1,Axis.1,dscourt0,Dunn.test,Bonferroni
2D - 3F,-0.707701613494628,0.479130575227519,1,Axis.1,dscourt0,Dunn.test,Bonferroni
2E - 3F,1.37520344496483,0.169068380594406,1,Axis.1,dscourt0,Dunn.test,Bonferroni
2F - 3F,-1.19024543664447,0.233949939469685,1,Axis.1,dscourt0,Dunn.test,Bonferroni
3A - 3F,0.848539295147382,0.396137698065425,1,Axis.1,dscourt0,Dunn.test,Bonferroni
3B - 3F,0.572945336039685,0.566681706801863,1,Axis.1,dscourt0,Dunn.test,Bonferroni
3C - 3F,0.0217574178242918,0.982641461791799,1,Axis.1,dscourt0,Dunn.test,Bonferroni
3D - 3F,0.348722534185759,0.727297625177121,1,Axis.1,dscourt0,Dunn.test,Bonferroni
3E - 3F,0.142709791458614,0.886519383409692,1,Axis.1,dscourt0,Dunn.test,Bonferroni
1A - 4A,0.49287329631768,0.622102116692936,1,Axis.1,dscourt0,Dunn.test,Bonferroni
1B - 4A,-0.797985336895291,0.424878999303651,1,Axis.1,dscourt0,Dunn.test,Bonferroni
1C - 4A,0.615392707386633,0.538295406307661,1,Axis.1,dscourt0,Dunn.test,Bonferroni
1D - 4A,0.798114757413006,0.424803898321386,1,Axis.1,dscourt0,Dunn.test,Bonferroni
2A - 4A,1.00514142206483,0.314828756898161,1,Axis.1,dscourt0,Dunn.test,Bonferroni
2B - 4A,1.11483245595666,0.264922225412146,1,Axis.1,dscourt0,Dunn.test,Bonferroni
2C - 4A,1.71284303555946,0.0867414204173469,1,Axis.1,dscourt0,Dunn.test,Bonferroni
2D - 4A,-0.784354158147264,0.432832329158047,1,Axis.1,dscourt0,Dunn.test,Bonferroni
2E - 4A,1.92611982578466,0.0540894136331475,1,Axis.1,dscourt0,Dunn.test,Bonferroni
2F - 4A,-1.3272024872818,0.184441709844954,1,Axis.1,dscourt0,Dunn.test,Bonferroni
3A - 4A,1.38463359161992,0.166164534529745,1,Axis.1,dscourt0,Dunn.test,Bonferroni
3B - 4A,0.994884876941723,0.319792258939236,1,Axis.1,dscourt0,Dunn.test,Bonferroni
3C - 4A,0.215387447585321,0.829465255727834,1,Axis.1,dscourt0,Dunn.test,Bonferroni
3D - 4A,0.632987566224108,0.526741762616297,1,Axis.1,dscourt0,Dunn.test,Bonferroni
3E - 4A,0.334977361006028,0.737642163921616,1,Axis.1,dscourt0,Dunn.test,Bonferroni
3F - 4A,0.130544506945751,0.89613564394045,1,Axis.1,dscourt0,Dunn.test,Bonferroni
1A - 4B,-0.387257589963891,0.69856551904845,1,Axis.1,dscourt0,Dunn.test,Bonferroni
1B - 4B,-1.67811622317686,0.0933244122561077,1,Axis.1,dscourt0,Dunn.test,Bonferroni
1C - 4B,-0.307696353693316,0.758313394542098,1,Axis.1,dscourt0,Dunn.test,Bonferroni
1D - 4B,-0.027521198531483,0.978044032266812,1,Axis.1,dscourt0,Dunn.test,Bonferroni
2A - 4B,0.0820523609848845,0.934605075747019,1,Axis.1,dscourt0,Dunn.test,Bonferroni
2B - 4B,0.234701569675086,0.814440369339438,1,Axis.1,dscourt0,Dunn.test,Bonferroni
2C - 4B,0.789753974479512,0.429671463053324,1,Axis.1,dscourt0,Dunn.test,Bonferroni
2D - 4B,-1.60999011409175,0.107400014501416,1,Axis.1,dscourt0,Dunn.test,Bonferroni
2E - 4B,1.1724207635211,0.241028167264432,1,Axis.1,dscourt0,Dunn.test,Bonferroni
2F - 4B,-1.97992502201056,0.0477119543064537,1,Axis.1,dscourt0,Dunn.test,Bonferroni
3A - 4B,0.461544530539975,0.644407980651388,1,Axis.1,dscourt0,Dunn.test,Bonferroni
3B - 4B,0.0717958158617737,0.942764402687651,1,Axis.1,dscourt0,Dunn.test,Bonferroni
3C - 4B,-0.707701613494628,0.479130575227519,1,Axis.1,dscourt0,Dunn.test,Bonferroni
3D - 4B,-0.192648389720381,0.847234345196796,1,Axis.1,dscourt0,Dunn.test,Bonferroni
3E - 4B,-0.418721701257535,0.67541953379689,1,Axis.1,dscourt0,Dunn.test,Bonferroni
3F - 4B,-0.522178027783004,0.601546382872649,1,Axis.1,dscourt0,Dunn.test,Bonferroni
4A - 4B,-0.923089061079949,0.35596079474142,1,Axis.1,dscourt0,Dunn.test,Bonferroni
1A - 4C,0.14562849419348,0.884214672666405,1,Axis.1,dscourt0,Dunn.test,Bonferroni
1B - 4C,-1.18929936924675,0.234321883463584,1,Axis.1,dscourt0,Dunn.test,Bonferroni
1C - 4C,0.255449277343997,0.798376115039797,1,Axis.1,dscourt0,Dunn.test,Bonferroni
1D - 4C,0.48182942312019,0.629927125883495,1,Axis.1,dscourt0,Dunn.test,Bonferroni
2A - 4C,0.65991063313866,0.509311180216039,1,Axis.1,dscourt0,Dunn.test,Bonferroni
2B - 4C,0.788821010214682,0.430216627867155,1,Axis.1,dscourt0,Dunn.test,Bonferroni
2C - 4C,1.39432730550265,0.163218788944878,1,Axis.1,dscourt0,Dunn.test,Bonferroni
2D - 4C,-1.14788774331575,0.251014908635288,1,Axis.1,dscourt0,Dunn.test,Bonferroni
2E - 4C,1.66476081508082,0.0959604844922056,1,Axis.1,dscourt0,Dunn.test,Bonferroni
2F - 4C,-1.61743689550705,0.105784006954548,1,Axis.1,dscourt0,Dunn.test,Bonferroni
3A - 4C,1.05372826904399,0.292007342527078,1,Axis.1,dscourt0,Dunn.test,Bonferroni
3B - 4C,0.649266913249326,0.516165867923508,1,Axis.1,dscourt0,Dunn.test,Bonferroni
3C - 4C,-0.159655798339998,0.87315222196582,1,Axis.1,dscourt0,Dunn.test,Bonferroni
3D - 4C,0.311771979666005,0.755213820356844,1,Axis.1,dscourt0,Dunn.test,Bonferroni
3E - 4C,0.0343249652593983,0.97261801719846,1,Axis.1,dscourt0,Dunn.test,Bonferroni
3F - 4C,-0.132940018808798,0.894240817341116,1,Axis.1,dscourt0,Dunn.test,Bonferroni
4A - 4C,-0.383173916015996,0.701590816833856,1,Axis.1,dscourt0,Dunn.test,Bonferroni
4B - 4C,0.574760874023994,0.56545303138034,1,Axis.1,dscourt0,Dunn.test,Bonferroni
1A - 4H,-0.598772451101527,0.549324635633953,1,Axis.1,dscourt0,Dunn.test,Bonferroni
1B - 4H,-1.53302733934504,0.12526911888449,1,Axis.1,dscourt0,Dunn.test,Bonferroni
1C - 4H,-0.543935445607296,0.586485896248344,1,Axis.1,dscourt0,Dunn.test,Bonferroni
1D - 4H,-0.328209443939537,0.742753307773093,1,Axis.1,dscourt0,Dunn.test,Bonferroni
2A - 4H,-0.268341486499599,0.788436475176457,1,Axis.1,dscourt0,Dunn.test,Bonferroni
2B - 4H,-0.148631459493287,0.881844447640064,1,Axis.1,dscourt0,Dunn.test,Bonferroni
2C - 4H,0.232079123459113,0.81647655931358,1,Axis.1,dscourt0,Dunn.test,Bonferroni
2D - 4H,-1.50771213309725,0.131628218845362,1,Axis.1,dscourt0,Dunn.test,Bonferroni
2E - 4H,0.616246826753107,0.537731627159723,1,Axis.1,dscourt0,Dunn.test,Bonferroni
2F - 4H,-1.88307486991513,0.059690222303381,1,Axis.1,dscourt0,Dunn.test,Bonferroni
3A - 4H,0,1,1,Axis.1,dscourt0,Dunn.test,Bonferroni
3B - 4H,-0.275593959107697,0.782859949985105,1,Axis.1,dscourt0,Dunn.test,Bonferroni
3C - 4H,-0.82678187732309,0.408360703689283,1,Axis.1,dscourt0,Dunn.test,Bonferroni
3D - 4H,-0.451287985416864,0.651782002976663,1,Axis.1,dscourt0,Dunn.test,Bonferroni
3E - 4H,-0.616246826753107,0.537731627159723,1,Axis.1,dscourt0,Dunn.test,Bonferroni
3F - 4H,-0.69282943327066,0.488416598703821,1,Axis.1,dscourt0,Dunn.test,Bonferroni
4A - 4H,-0.979083802093133,0.327538574363104,1,Axis.1,dscourt0,Dunn.test,Bonferroni
4B - 4H,-0.326361267364378,0.744151038743309,1,Axis.1,dscourt0,Dunn.test,Bonferroni
4C - 4H,-0.731170103448391,0.46467525877171,1,Axis.1,dscourt0,Dunn.test,Bonferroni
1A - 4I,-1.47250557550479,0.14088440251163,1,Axis.1,dscourt0,Dunn.test,Bonferroni
1B - 4I,-2.5428290114444,0.0109959024258875,1,Axis.1,dscourt0,Dunn.test,Bonferroni
1C - 4I,-1.44040265232592,0.149753513723341,1,Axis.1,dscourt0,Dunn.test,Bonferroni
1D - 4I,-1.12421680498203,0.260921061958857,1,Axis.1,dscourt0,Dunn.test,Bonferroni
2A - 4I,-1.12217415937019,0.261788397366866,1,Axis.1,dscourt0,Dunn.test,Bonferroni
2B - 4I,-0.956804283642982,0.338666049734689,1,Axis.1,dscourt0,Dunn.test,Bonferroni
2C - 4I,-0.544338211634796,0.586208756464176,1,Axis.1,dscourt0,Dunn.test,Bonferroni
2D - 4I,-2.46164714194342,0.0138300655481876,1,Axis.1,dscourt0,Dunn.test,Bonferroni
2E - 4I,-0.014504945216195,0.988427133967304,1,Axis.1,dscourt0,Dunn.test,Bonferroni
2F - 4I,-2.69202561160568,0.00710194911586368,1,Axis.1,dscourt0,Dunn.test,Bonferroni
3A - 4I,-0.812320100439618,0.416607979708102,1,Axis.1,dscourt0,Dunn.test,Bonferroni
3B - 4I,-1.13054859339535,0.258245134722163,1,Axis.1,dscourt0,Dunn.test,Bonferroni
3C - 4I,-1.7670055793068,0.0772272939254641,1,Axis.1,dscourt0,Dunn.test,Bonferroni
3D - 4I,-1.2637747531867,0.206310885373438,1,Axis.1,dscourt0,Dunn.test,Bonferroni
3E - 4I,-1.39247474075468,0.163778685410939,1,Axis.1,dscourt0,Dunn.test,Bonferroni
3F - 4I,-1.38817706237016,0.165083135123209,1,Axis.1,dscourt0,Dunn.test,Bonferroni
4A - 4I,-1.94286869383496,0.0520320253474306,1,Axis.1,dscourt0,Dunn.test,Bonferroni
4B - 4I,-1.1891696315714,0.234372922146259,1,Axis.1,dscourt0,Dunn.test,Bonferroni
4C - 4I,-1.68192329771052,0.0925837143304754,1,Axis.1,dscourt0,Dunn.test,Bonferroni
4H - 4I,-0.629220444158436,0.52920474629128,1,Axis.1,dscourt0,Dunn.test,Bonferroni
1A - 1B,1.46061269275928,0.144121760996901,1,Axis.2,dscourt0,Dunn.test,Bonferroni
1A - 1C,1.34562233280382,0.178424345552499,1,Axis.2,dscourt0,Dunn.test,Bonferroni
1B - 1C,-0.179937870084232,0.857201344366873,1,Axis.2,dscourt0,Dunn.test,Bonferroni
1A - 1D,-0.312490970484599,0.754667424247886,1,Axis.2,dscourt0,Dunn.test,Bonferroni
1B - 1D,-1.68956982346758,0.0911102831810428,1,Axis.2,dscourt0,Dunn.test,Bonferroni
1C - 1D,-1.58705578198218,0.112500011393036,1,Axis.2,dscourt0,Dunn.test,Bonferroni
1A - 2A,0.406816054103481,0.684143094680055,1,Axis.2,dscourt0,Dunn.test,Bonferroni
1B - 2A,-1.11874414878457,0.263249304785033,1,Axis.2,dscourt0,Dunn.test,Bonferroni
1C - 2A,-0.984628331818613,0.324806667801017,1,Axis.2,dscourt0,Dunn.test,Bonferroni
1D - 2A,0.706377428974729,0.479953453482,1,Axis.2,dscourt0,Dunn.test,Bonferroni
1A - 2B,0.831425686647592,0.405733193161937,1,Axis.2,dscourt0,Dunn.test,Bonferroni
1B - 2B,-0.629187006111691,0.529226634637503,1,Axis.2,dscourt0,Dunn.test,Bonferroni
1C - 2B,-0.477226525006007,0.633200824949941,1,Axis.2,dscourt0,Dunn.test,Bonferroni
1D - 2B,1.09636662525952,0.272918363364344,1,Axis.2,dscourt0,Dunn.test,Bonferroni
2A - 2B,0.461579753694335,0.644382716347082,1,Axis.2,dscourt0,Dunn.test,Bonferroni
1A - 2C,1.16959615554751,0.242163525184367,1,Axis.2,dscourt0,Dunn.test,Bonferroni
1B - 2C,-0.355964047340546,0.721867490043076,1,Axis.2,dscourt0,Dunn.test,Bonferroni
1C - 2C,-0.18461781221599,0.853528813976113,1,Axis.2,dscourt0,Dunn.test,Bonferroni
1D - 2C,1.42192859079329,0.155046982233894,1,Axis.2,dscourt0,Dunn.test,Bonferroni
2A - 2C,0.800010519602623,0.423704702312403,1,Axis.2,dscourt0,Dunn.test,Bonferroni
2B - 2C,0.301200347749693,0.763261724665064,1,Axis.2,dscourt0,Dunn.test,Bonferroni
1A - 2D,2.93158901971568,0.00337232700405411,0.708188670851363,Axis.2,dscourt0,Dunn.test,Bonferroni
1B - 2D,1.55451016673271,0.120062773470066,1,Axis.2,dscourt0,Dunn.test,Bonferroni
1C - 2D,1.78429103812448,0.0743763857297876,1,Axis.2,dscourt0,Dunn.test,Bonferroni
1D - 2D,3.07760450424288,0.0020867165706173,0.438210479829633,Axis.2,dscourt0,Dunn.test,Bonferroni
2A - 2D,2.66496939113193,0.00769953304910338,1,Axis.2,dscourt0,Dunn.test,Bonferroni
2B - 2D,2.14771336494076,0.0317365329867568,1,Axis.2,dscourt0,Dunn.test,Bonferroni
2C - 2D,1.94941822931338,0.0512454992923717,1,Axis.2,dscourt0,Dunn.test,Bonferroni
1A - 2E,1.66710983658472,0.0954925665517176,1,Axis.2,dscourt0,Dunn.test,Bonferroni
1B - 2E,0.402182139565186,0.687549985603991,1,Axis.2,dscourt0,Dunn.test,Bonferroni
1C - 2E,0.569461513710248,0.569042981718057,1,Axis.2,dscourt0,Dunn.test,Bonferroni
1D - 2E,1.86852586207359,0.0616888087535712,1,Axis.2,dscourt0,Dunn.test,Bonferroni
2A - 2E,1.37340718012472,0.169625798880113,1,Axis.2,dscourt0,Dunn.test,Bonferroni
2B - 2E,0.947074070588985,0.343601036402747,1,Axis.2,dscourt0,Dunn.test,Bonferroni
2C - 2E,0.72020132616296,0.471401047516925,1,Axis.2,dscourt0,Dunn.test,Bonferroni
2D - 2E,-0.980782247105015,0.326700134642777,1,Axis.2,dscourt0,Dunn.test,Bonferroni
1A - 2F,1.00220069829759,0.316246670620818,1,Axis.2,dscourt0,Dunn.test,Bonferroni
1B - 2F,-0.101918715081111,0.918821194829244,1,Axis.2,dscourt0,Dunn.test,Bonferroni
1C - 2F,0.029009890432389,0.976856702490853,1,Axis.2,dscourt0,Dunn.test,Bonferroni
1D - 2F,1.21027232452704,0.226174413652026,1,Axis.2,dscourt0,Dunn.test,Bonferroni
2A - 2F,0.725247260809728,0.468300353890126,1,Axis.2,dscourt0,Dunn.test,Bonferroni
2B - 2F,0.373701955297407,0.708626070445735,1,Axis.2,dscourt0,Dunn.test,Bonferroni
2C - 2F,0.15955439737814,0.873232104268127,1,Axis.2,dscourt0,Dunn.test,Bonferroni
2D - 2F,-1.30258123063504,0.192717769095196,1,Axis.2,dscourt0,Dunn.test,Bonferroni
2E - 2F,-0.415155756970514,0.678027884621478,1,Axis.2,dscourt0,Dunn.test,Bonferroni
1A - 3A,2.4115586284115,0.015884497773809,1,Axis.2,dscourt0,Dunn.test,Bonferroni
1B - 3A,0.885998425523448,0.375618375636533,1,Axis.2,dscourt0,Dunn.test,Bonferroni
1C - 3A,1.11796341841905,0.263582617425137,1,Axis.2,dscourt0,Dunn.test,Bonferroni
1D - 3A,2.5869926619594,0.00968176539945379,1,Axis.2,dscourt0,Dunn.test,Bonferroni
2A - 3A,2.10259175023766,0.0355014717001302,1,Axis.2,dscourt0,Dunn.test,Bonferroni
2B - 3A,1.54316282061369,0.122791275645342,1,Axis.2,dscourt0,Dunn.test,Bonferroni
2C - 3A,1.30258123063504,0.192717769095196,1,Axis.2,dscourt0,Dunn.test,Bonferroni
2D - 3A,-0.784354158147264,0.432832329158047,1,Axis.2,dscourt0,Dunn.test,Bonferroni
2E - 3A,0.343351795031179,0.731333819601922,1,Axis.2,dscourt0,Dunn.test,Bonferroni
2F - 3A,0.761509623850214,0.446352732846699,1,Axis.2,dscourt0,Dunn.test,Bonferroni
1A - 3B,0.57306299929,0.566602038762582,1,Axis.2,dscourt0,Dunn.test,Bonferroni
1B - 3B,-0.952497203598056,0.34084488346693,1,Axis.2,dscourt0,Dunn.test,Bonferroni
1C - 3B,-0.810267064725733,0.417786700154412,1,Axis.2,dscourt0,Dunn.test,Bonferroni
1D - 3B,0.862330887319799,0.38850546045212,1,Axis.2,dscourt0,Dunn.test,Bonferroni
2A - 3B,0.174361267092879,0.861581552382975,1,Axis.2,dscourt0,Dunn.test,Bonferroni
2B - 3B,-0.295332808507816,0.767739656076998,1,Axis.2,dscourt0,Dunn.test,Bonferroni
2C - 3B,-0.625649252509744,0.53154502590659,1,Axis.2,dscourt0,Dunn.test,Bonferroni
2D - 3B,-2.50901593278686,0.0121068023502892,1,Axis.2,dscourt0,Dunn.test,Bonferroni
2E - 3B,-1.23104180169715,0.218307230418131,1,Axis.2,dscourt0,Dunn.test,Bonferroni
2F - 3B,-0.601955226472074,0.547203941234132,1,Axis.2,dscourt0,Dunn.test,Bonferroni
3A - 3B,-1.92823048314478,0.0538264641758414,1,Axis.2,dscourt0,Dunn.test,Bonferroni
1A - 3C,0.856660729314062,0.391632412549817,1,Axis.2,dscourt0,Dunn.test,Bonferroni
1B - 3C,-0.668899473573994,0.503559606047775,1,Axis.2,dscourt0,Dunn.test,Bonferroni
1C - 3C,-0.512827256155527,0.608072162012661,1,Axis.2,dscourt0,Dunn.test,Bonferroni
1D - 3C,1.1283691397908,0.259164055138507,1,Axis.2,dscourt0,Dunn.test,Bonferroni
2A - 3C,0.471801075663085,0.637068783060789,1,Axis.2,dscourt0,Dunn.test,Bonferroni
2B - 3C,-0.0117350784837544,0.990636976958705,1,Axis.2,dscourt0,Dunn.test,Bonferroni
2C - 3C,-0.328209443939538,0.742753307773092,1,Axis.2,dscourt0,Dunn.test,Bonferroni
2D - 3C,-2.24297768031586,0.024898253834895,1,Axis.2,dscourt0,Dunn.test,Bonferroni
2E - 3C,-0.988183214967783,0.323062927069128,1,Axis.2,dscourt0,Dunn.test,Bonferroni
2F - 3C,-0.391633520837253,0.695329016396404,1,Axis.2,dscourt0,Dunn.test,Bonferroni
3A - 3C,-1.63079067457458,0.102934495832354,1,Axis.2,dscourt0,Dunn.test,Bonferroni
3B - 3C,0.297439808570206,0.766130755263795,1,Axis.2,dscourt0,Dunn.test,Bonferroni
1A - 3D,1.23672273912125,0.216190033765696,1,Axis.2,dscourt0,Dunn.test,Bonferroni
1B - 3D,-0.140356113861726,0.8883786306059,1,Axis.2,dscourt0,Dunn.test,Bonferroni
1C - 3D,0.022934332109569,0.98170265452875,1,Axis.2,dscourt0,Dunn.test,Bonferroni
1D - 3D,1.46971317141395,0.141639453904029,1,Axis.2,dscourt0,Dunn.test,Bonferroni
2A - 3D,0.903612685117024,0.36620081256531,1,Axis.2,dscourt0,Dunn.test,Bonferroni
2B - 3D,0.452847084346325,0.650658856518897,1,Axis.2,dscourt0,Dunn.test,Bonferroni
2C - 3D,0.188061523298467,0.850828422840844,1,Axis.2,dscourt0,Dunn.test,Bonferroni
2D - 3D,-1.60789133282893,0.107858980402322,1,Axis.2,dscourt0,Dunn.test,Bonferroni
2E - 3D,-0.50783586707809,0.611568453988756,1,Axis.2,dscourt0,Dunn.test,Bonferroni
2F - 3D,-0.0102565451231105,0.991816604477069,1,Axis.2,dscourt0,Dunn.test,Bonferroni
3A - 3D,-0.977002547867645,0.328567890995607,1,Axis.2,dscourt0,Dunn.test,Bonferroni
3B - 3D,0.747659226771954,0.454665730565936,1,Axis.2,dscourt0,Dunn.test,Bonferroni
3C - 3D,0.481620974300952,0.630075223644386,1,Axis.2,dscourt0,Dunn.test,Bonferroni
1A - 3E,0.256228943755239,0.79777406055426,1,Axis.2,dscourt0,Dunn.test,Bonferroni
1B - 3E,-1.0086987532643,0.313119129888255,1,Axis.2,dscourt0,Dunn.test,Bonferroni
1C - 3E,-0.887690006665974,0.374707522887188,1,Axis.2,dscourt0,Dunn.test,Bonferroni
1D - 3E,0.519465696095146,0.603436028635454,1,Axis.2,dscourt0,Dunn.test,Bonferroni
2A - 3E,-0.0837443402515065,0.933259702518391,1,Axis.2,dscourt0,Dunn.test,Bonferroni
2B - 3E,-0.463806822240496,0.642786155072558,1,Axis.2,dscourt0,Dunn.test,Bonferroni
2C - 3E,-0.736950194213262,0.461152638034604,1,Axis.2,dscourt0,Dunn.test,Bonferroni
2D - 3E,-2.32984241308345,0.0198144815843097,1,Axis.2,dscourt0,Dunn.test,Bonferroni
2E - 3E,-1.26193023380893,0.206973891707775,1,Axis.2,dscourt0,Dunn.test,Bonferroni
2F - 3E,-0.713548957293071,0.475506129765526,1,Axis.2,dscourt0,Dunn.test,Bonferroni
3A - 3E,-1.8005033154074,0.0717812005564433,1,Axis.2,dscourt0,Dunn.test,Bonferroni
3B - 3E,-0.226109718679069,0.821116085909336,1,Axis.2,dscourt0,Dunn.test,Bonferroni
3C - 3E,-0.468968305408439,0.639092291042547,1,Axis.2,dscourt0,Dunn.test,Bonferroni
3D - 3E,-0.841224298900348,0.400222290308624,1,Axis.2,dscourt0,Dunn.test,Bonferroni
1A - 3F,1.61795960191264,0.105671304094948,1,Axis.2,dscourt0,Dunn.test,Bonferroni
1B - 3F,0.513840188533935,0.607363727510658,1,Axis.2,dscourt0,Dunn.test,Bonferroni
1C - 3F,0.659975007336852,0.509269867956878,1,Axis.2,dscourt0,Dunn.test,Bonferroni
1D - 3F,1.80515194166746,0.0710509089090657,1,Axis.2,dscourt0,Dunn.test,Bonferroni
2A - 3F,1.35621237771419,0.175031604881124,1,Axis.2,dscourt0,Dunn.test,Bonferroni
2B - 3F,0.989460858912452,0.32243771110788,1,Axis.2,dscourt0,Dunn.test,Bonferroni
2C - 3F,0.790519514282603,0.429224430324527,1,Axis.2,dscourt0,Dunn.test,Bonferroni
2D - 3F,-0.707701613494628,0.479130575227519,1,Axis.2,dscourt0,Dunn.test,Bonferroni
2E - 3F,0.149196600161279,0.881398502647097,1,Axis.2,dscourt0,Dunn.test,Bonferroni
2F - 3F,0.515180860637157,0.606426642139636,1,Axis.2,dscourt0,Dunn.test,Bonferroni
3A - 3F,-0.130544506945751,0.89613564394045,1,Axis.2,dscourt0,Dunn.test,Bonferroni
3B - 3F,1.23292034337654,0.217605484713489,1,Axis.2,dscourt0,Dunn.test,Bonferroni
3C - 3F,1.02259863774172,0.306497653966369,1,Axis.2,dscourt0,Dunn.test,Bonferroni
3D - 3F,0.605136162263522,0.545088528151682,1,Axis.2,dscourt0,Dunn.test,Bonferroni
3E - 3F,1.27790131442486,0.201284224566433,1,Axis.2,dscourt0,Dunn.test,Bonferroni
1A - 4A,1.48253158178096,0.138198906696286,1,Axis.2,dscourt0,Dunn.test,Bonferroni
1B - 4A,-0.0430286211070991,0.965678718632039,1,Axis.2,dscourt0,Dunn.test,Bonferroni
1C - 4A,0.143591631723547,0.885822949091162,1,Axis.2,dscourt0,Dunn.test,Bonferroni
1D - 4A,1.71548804179577,0.086255785973627,1,Axis.2,dscourt0,Dunn.test,Bonferroni
2A - 4A,1.12821996354216,0.259227034862527,1,Axis.2,dscourt0,Dunn.test,Bonferroni
2B - 4A,0.61413577398314,0.539125610177768,1,Axis.2,dscourt0,Dunn.test,Bonferroni
2C - 4A,0.328209443939537,0.742753307773093,1,Axis.2,dscourt0,Dunn.test,Bonferroni
2D - 4A,-1.65585877831089,0.0977504211601449,1,Axis.2,dscourt0,Dunn.test,Bonferroni
2E - 4A,-0.452219437358138,0.651110906768758,1,Axis.2,dscourt0,Dunn.test,Bonferroni
2F - 4A,0.0725247260809727,0.942184328711034,1,Axis.2,dscourt0,Dunn.test,Bonferroni
3A - 4A,-0.974371786695502,0.32987197271878,1,Axis.2,dscourt0,Dunn.test,Bonferroni
3B - 4A,0.953858696449281,0.340155173204747,1,Axis.2,dscourt0,Dunn.test,Bonferroni
3C - 4A,0.656418887879075,0.51155464089362,1,Axis.2,dscourt0,Dunn.test,Bonferroni
3D - 4A,0.105497927704018,0.91598071426722,1,Axis.2,dscourt0,Dunn.test,Bonferroni
3E - 4A,1.00493208301808,0.314929554481568,1,Axis.2,dscourt0,Dunn.test,Bonferroni
3F - 4A,-0.558440390823491,0.576543698234705,1,Axis.2,dscourt0,Dunn.test,Bonferroni
1A - 4B,2.37244170013232,0.0176709516228045,1,Axis.2,dscourt0,Dunn.test,Bonferroni
1B - 4B,0.846881497244267,0.397061176634822,1,Axis.2,dscourt0,Dunn.test,Bonferroni
1C - 4B,1.07693723792661,0.281508305604093,1,Axis.2,dscourt0,Dunn.test,Bonferroni
1D - 4B,2.55029773058409,0.0107630959132782,1,Axis.2,dscourt0,Dunn.test,Bonferroni
2A - 4B,2.06156556974522,0.0392491148277354,1,Axis.2,dscourt0,Dunn.test,Bonferroni
2B - 4B,1.50404589233451,0.13256955062329,1,Axis.2,dscourt0,Dunn.test,Bonferroni
2C - 4B,1.2615550501426,0.20710893927774,1,Axis.2,dscourt0,Dunn.test,Bonferroni
2D - 4B,-0.821049089522575,0.411618307133444,1,Axis.2,dscourt0,Dunn.test,Bonferroni
2E - 4B,0.309854058930576,0.756671940147769,1,Axis.2,dscourt0,Dunn.test,Bonferroni
2F - 4B,0.732499733417825,0.463863605370479,1,Axis.2,dscourt0,Dunn.test,Bonferroni
3A - 4B,-0.041026180492442,0.967275024413845,1,Axis.2,dscourt0,Dunn.test,Bonferroni
3B - 4B,1.88720430265234,0.0591328518215902,1,Axis.2,dscourt0,Dunn.test,Bonferroni
3C - 4B,1.58976449408213,0.111887899993882,1,Axis.2,dscourt0,Dunn.test,Bonferroni
3D - 4B,0.940307616492334,0.347059793890768,1,Axis.2,dscourt0,Dunn.test,Bonferroni
3E - 4B,1.7670055793068,0.0772272939254642,1,Axis.2,dscourt0,Dunn.test,Bonferroni
3F - 4B,0.101534616513362,0.919126079534778,1,Axis.2,dscourt0,Dunn.test,Bonferroni
4A - 4B,0.93334560620306,0.350641555029667,1,Axis.2,dscourt0,Dunn.test,Bonferroni
1A - 4C,2.33352325219552,0.0196206994012135,1,Axis.2,dscourt0,Dunn.test,Bonferroni
1B - 4C,0.755881231766157,0.449720407574994,1,Axis.2,dscourt0,Dunn.test,Bonferroni
1C - 4C,0.991386481120751,0.321496898911469,1,Axis.2,dscourt0,Dunn.test,Bonferroni
1D - 4C,2.51442077107259,0.0119228088597393,1,Axis.2,dscourt0,Dunn.test,Bonferroni
2A - 4C,2.01318359049674,0.0440953188910835,1,Axis.2,dscourt0,Dunn.test,Bonferroni
2B - 4C,1.43548087133573,0.151150115417741,1,Axis.2,dscourt0,Dunn.test,Bonferroni
2C - 4C,1.18297343912875,0.236819674158701,1,Axis.2,dscourt0,Dunn.test,Bonferroni
2D - 4C,-0.957585366117017,0.33827188125802,1,Axis.2,dscourt0,Dunn.test,Bonferroni
2E - 4C,0.215756924487647,0.829177226723071,1,Axis.2,dscourt0,Dunn.test,Bonferroni
2F - 4C,0.658369616957858,0.510300653806232,1,Axis.2,dscourt0,Dunn.test,Bonferroni
3A - 4C,-0.16877898681657,0.865970487280606,1,Axis.2,dscourt0,Dunn.test,Bonferroni
3B - 4C,1.83224035237808,0.0669156193689533,1,Axis.2,dscourt0,Dunn.test,Bonferroni
3C - 4C,1.52357247558741,0.127615543223079,1,Axis.2,dscourt0,Dunn.test,Bonferroni
3D - 4C,0.856360697394288,0.391798297124548,1,Axis.2,dscourt0,Dunn.test,Bonferroni
3E - 4C,1.70889291327148,0.0874707874676729,1,Axis.2,dscourt0,Dunn.test,Bonferroni
3F - 4C,0.015826192715333,0.987373052286859,1,Axis.2,dscourt0,Dunn.test,Bonferroni
4A - 4C,0.842374402670086,0.399578416337689,1,Axis.2,dscourt0,Dunn.test,Bonferroni
4B - 4C,-0.126204107259237,0.899570360241202,1,Axis.2,dscourt0,Dunn.test,Bonferroni
1A - 4H,2.25495157116958,0.0241363687473926,1,Axis.2,dscourt0,Dunn.test,Bonferroni
1B - 4H,1.15083215779088,0.249801292319968,1,Axis.2,dscourt0,Dunn.test,Bonferroni
1C - 4H,1.31269754206561,0.189284886186062,1,Axis.2,dscourt0,Dunn.test,Bonferroni
1D - 4H,2.42054464905409,0.0154972760151265,1,Axis.2,dscourt0,Dunn.test,Bonferroni
2A - 4H,2.00893491244295,0.0445440368102975,1,Axis.2,dscourt0,Dunn.test,Bonferroni
2B - 4H,1.6264528281694,0.103853360473586,1,Axis.2,dscourt0,Dunn.test,Bonferroni
2C - 4H,1.44324204901136,0.148952298152337,1,Axis.2,dscourt0,Dunn.test,Bonferroni
2D - 4H,-0.0923089061079949,0.92645261253296,1,Axis.2,dscourt0,Dunn.test,Bonferroni
2E - 4H,0.733009383401064,0.463552706338443,1,Axis.2,dscourt0,Dunn.test,Bonferroni
2F - 4H,1.04812657853766,0.294580292235438,1,Axis.2,dscourt0,Dunn.test,Bonferroni
3A - 4H,0.522178027783004,0.601546382872649,1,Axis.2,dscourt0,Dunn.test,Bonferroni
3B - 4H,1.88564287810529,0.0593430951950329,1,Axis.2,dscourt0,Dunn.test,Bonferroni
3C - 4H,1.67532117247047,0.0938712335071178,1,Axis.2,dscourt0,Dunn.test,Bonferroni
3D - 4H,1.22052886965015,0.222264452322972,1,Axis.2,dscourt0,Dunn.test,Bonferroni
3E - 4H,1.86171409766465,0.0626434003738407,1,Axis.2,dscourt0,Dunn.test,Bonferroni
3F - 4H,0.532945717900508,0.594071156591727,1,Axis.2,dscourt0,Dunn.test,Bonferroni
4A - 4H,1.21116292555225,0.225832968648231,1,Axis.2,dscourt0,Dunn.test,Bonferroni
4B - 4H,0.551187918215393,0.581504861375613,1,Axis.2,dscourt0,Dunn.test,Bonferroni
4C - 4H,0.648873901328659,0.516419885227517,1,Axis.2,dscourt0,Dunn.test,Bonferroni
1A - 4I,1.47250557550479,0.140884402511631,1,Axis.2,dscourt0,Dunn.test,Bonferroni
1B - 4I,0.207577878485257,0.835558578541233,1,Axis.2,dscourt0,Dunn.test,Bonferroni
1C - 4I,0.368475097106631,0.712519010568878,1,Axis.2,dscourt0,Dunn.test,Bonferroni
1D - 4I,1.6824485978007,0.0924818844495741,1,Axis.2,dscourt0,Dunn.test,Bonferroni
2A - 4I,1.1724207635211,0.241028167264432,1,Axis.2,dscourt0,Dunn.test,Bonferroni
2B - 4I,0.752469809509057,0.451768578921211,1,Axis.2,dscourt0,Dunn.test,Bonferroni
2C - 4I,0.519214909559343,0.603610883029347,1,Axis.2,dscourt0,Dunn.test,Bonferroni
2D - 4I,-1.1668595113779,0.243267109156387,1,Axis.2,dscourt0,Dunn.test,Bonferroni
2E - 4I,-0.174059342594335,0.861818825295865,1,Axis.2,dscourt0,Dunn.test,Bonferroni
2F - 4I,0.259472348106571,0.795270814617865,1,Axis.2,dscourt0,Dunn.test,Bonferroni
3A - 4I,-0.544338211634796,0.586208756464176,1,Axis.2,dscourt0,Dunn.test,Bonferroni
3B - 4I,1.03005538509354,0.302984007030737,1,Axis.2,dscourt0,Dunn.test,Bonferroni
3C - 4I,0.787196798364166,0.431166671156331,1,Axis.2,dscourt0,Dunn.test,Bonferroni
3D - 4I,0.321758602805202,0.747635577987678,1,Axis.2,dscourt0,Dunn.test,Bonferroni
3E - 4I,1.08787089121459,0.276652108158737,1,Axis.2,dscourt0,Dunn.test,Bonferroni
3F - 4I,-0.304880009025221,0.760457541854508,1,Axis.2,dscourt0,Dunn.test,Bonferroni
4A - 4I,0.251233020754521,0.801633956201124,1,Axis.2,dscourt0,Dunn.test,Bonferroni
4B - 4I,-0.510840475534193,0.609462764536146,1,Axis.2,dscourt0,Dunn.test,Bonferroni
4C - 4I,-0.421706716044038,0.673239101733217,1,Axis.2,dscourt0,Dunn.test,Bonferroni
4H - 4I,-0.888692792265007,0.374168205812384,1,Axis.2,dscourt0,Dunn.test,Bonferroni
1A - 1B,1.08624036064519,0.277372665101126,1,Axis.1,dscourt8,Dunn.test,Bonferroni
1A - 1C,0.349531036821278,0.726690674333039,1,Axis.1,dscourt8,Dunn.test,Bonferroni
1B - 1C,-0.577219632177163,0.563791096523713,1,Axis.1,dscourt8,Dunn.test,Bonferroni
1A - 2A,-1.30804160892486,0.190859196740721,1,Axis.1,dscourt8,Dunn.test,Bonferroni
1B - 2A,-2.29725157352665,0.0216044225956509,1,Axis.1,dscourt8,Dunn.test,Bonferroni
1C - 2A,-1.41754253821963,0.156324366648908,1,Axis.1,dscourt8,Dunn.test,Bonferroni
1A - 2B,-0.939451122720164,0.347499175838661,1,Axis.1,dscourt8,Dunn.test,Bonferroni
1B - 2B,-1.89486087551476,0.0581108356759874,1,Axis.1,dscourt8,Dunn.test,Bonferroni
1C - 2B,-1.11759545804515,0.26373980950014,1,Axis.1,dscourt8,Dunn.test,Bonferroni
2A - 2B,0.271560090161297,0.785960289968802,1,Axis.1,dscourt8,Dunn.test,Bonferroni
1A - 2C,-1.42695448246348,0.153593015107511,1,Axis.1,dscourt8,Dunn.test,Bonferroni
1B - 2C,-2.40734350197042,0.0160690476677787,1,Axis.1,dscourt8,Dunn.test,Bonferroni
1C - 2C,-1.5146344928922,0.12986499204151,1,Axis.1,dscourt8,Dunn.test,Bonferroni
2A - 2C,-0.118912873538624,0.905344382522366,1,Axis.1,dscourt8,Dunn.test,Bonferroni
2B - 2C,-0.381652018605067,0.702719494317922,1,Axis.1,dscourt8,Dunn.test,Bonferroni
1A - 2D,0.46604138242837,0.641185879737966,1,Axis.1,dscourt8,Dunn.test,Bonferroni
1B - 2D,-0.466688213249621,0.640722963859384,1,Axis.1,dscourt8,Dunn.test,Bonferroni
1C - 2D,0.100900919099447,0.919629113497392,1,Axis.1,dscourt8,Dunn.test,Bonferroni
2A - 2D,1.53405288382672,0.125016643180607,1,Axis.1,dscourt8,Dunn.test,Bonferroni
2B - 2D,1.22812687697269,0.219399343034738,1,Axis.1,dscourt8,Dunn.test,Bonferroni
2C - 2D,1.6311448384993,0.102859761423394,1,Axis.1,dscourt8,Dunn.test,Bonferroni
1A - 2E,-0.48132547007695,0.630285197608765,1,Axis.1,dscourt8,Dunn.test,Bonferroni
1B - 2E,-1.18452184700544,0.236206553376026,1,Axis.1,dscourt8,Dunn.test,Bonferroni
1C - 2E,-0.686543795476362,0.492370256943206,1,Axis.1,dscourt8,Dunn.test,Bonferroni
2A - 2E,0.345952681617808,0.729378276027359,1,Axis.1,dscourt8,Dunn.test,Bonferroni
2B - 2E,0.155347127476124,0.876547664189639,1,Axis.1,dscourt8,Dunn.test,Bonferroni
2C - 2E,0.421159786317331,0.673638406905876,1,Axis.1,dscourt8,Dunn.test,Bonferroni
2D - 2E,-0.768929050933526,0.441935430321736,1,Axis.1,dscourt8,Dunn.test,Bonferroni
1A - 3A,-1.21291131009396,0.225163730989913,1,Axis.1,dscourt8,Dunn.test,Bonferroni
1B - 3A,-2.20917803077164,0.0271622603395283,1,Axis.1,dscourt8,Dunn.test,Bonferroni
1C - 3A,-1.33986897448156,0.180287946389303,1,Axis.1,dscourt8,Dunn.test,Bonferroni
2A - 3A,0.0951302988308988,0.924211332215108,1,Axis.1,dscourt8,Dunn.test,Bonferroni
2B - 3A,-0.183486547406282,0.854416273203902,1,Axis.1,dscourt8,Dunn.test,Bonferroni
2C - 3A,0.214043172369522,0.830513390564077,1,Axis.1,dscourt8,Dunn.test,Bonferroni
2D - 3A,-1.45637932008866,0.145287789095267,1,Axis.1,dscourt8,Dunn.test,Bonferroni
2E - 3A,-0.285786997858189,0.775041267197761,1,Axis.1,dscourt8,Dunn.test,Bonferroni
1A - 3B,-1.09399843655534,0.273955663909564,1,Axis.1,dscourt8,Dunn.test,Bonferroni
1B - 3B,-2.09908610232787,0.0358093113202943,1,Axis.1,dscourt8,Dunn.test,Bonferroni
1C - 3B,-1.24277701980899,0.213950012948572,1,Axis.1,dscourt8,Dunn.test,Bonferroni
2A - 3B,0.214043172369522,0.830513390564077,1,Axis.1,dscourt8,Dunn.test,Bonferroni
2B - 3B,-0.0733946189625127,0.941492099494534,1,Axis.1,dscourt8,Dunn.test,Bonferroni
2C - 3B,0.332956045908146,0.739167462156398,1,Axis.1,dscourt8,Dunn.test,Bonferroni
2D - 3B,-1.35928736541608,0.17405554610733,1,Axis.1,dscourt8,Dunn.test,Bonferroni
2E - 3B,-0.210579893158665,0.833215103427397,1,Axis.1,dscourt8,Dunn.test,Bonferroni
3A - 3B,0.118912873538624,0.905344382522366,1,Axis.1,dscourt8,Dunn.test,Bonferroni
1A - 3C,1.04643328713989,0.29536103093057,1,Axis.1,dscourt8,Dunn.test,Bonferroni
1B - 3C,-0.117431390340021,0.906518210258206,1,Axis.1,dscourt8,Dunn.test,Bonferroni
1C - 3C,0.504878164297401,0.613644411590541,1,Axis.1,dscourt8,Dunn.test,Bonferroni
2A - 3C,2.35447489606475,0.0185488965617785,1,Axis.1,dscourt8,Dunn.test,Bonferroni
2B - 3C,1.90826009302533,0.0563576081512249,1,Axis.1,dscourt8,Dunn.test,Bonferroni
2C - 3C,2.47338776960337,0.0133838834184615,1,Axis.1,dscourt8,Dunn.test,Bonferroni
2D - 3C,0.388367818690309,0.697743855839343,1,Axis.1,dscourt8,Dunn.test,Bonferroni
2E - 3C,1.14314799143276,0.252977151497254,1,Axis.1,dscourt8,Dunn.test,Bonferroni
3A - 3C,2.25934459723385,0.0238619578029515,1,Axis.1,dscourt8,Dunn.test,Bonferroni
3B - 3C,2.14043172369522,0.0323198930606086,1,Axis.1,dscourt8,Dunn.test,Bonferroni
1A - 3D,0.792661884795138,0.427974842707808,1,Axis.1,dscourt8,Dunn.test,Bonferroni
1B - 3D,-0.274617518190545,0.783610106049463,1,Axis.1,dscourt8,Dunn.test,Bonferroni
1C - 3D,0.331594256782625,0.740195656869962,1,Axis.1,dscourt8,Dunn.test,Bonferroni
2A - 3D,2.0036730976766,0.0451050898891751,1,Axis.1,dscourt8,Dunn.test,Bonferroni
2B - 3D,1.62024335732421,0.105180011102215,1,Axis.1,dscourt8,Dunn.test,Bonferroni
2C - 3D,2.11376502612037,0.0345353414784997,1,Axis.1,dscourt8,Dunn.test,Bonferroni
2D - 3D,0.221062837855084,0.82504350551383,1,Axis.1,dscourt8,Dunn.test,Bonferroni
2E - 3D,0.990337937660287,0.322008969245694,1,Axis.1,dscourt8,Dunn.test,Bonferroni
3A - 3D,1.91559955492158,0.0554160862692885,1,Axis.1,dscourt8,Dunn.test,Bonferroni
3B - 3D,1.80550762647782,0.0709952831815597,1,Axis.1,dscourt8,Dunn.test,Bonferroni
3C - 3D,-0.176147085510031,0.860178390311068,1,Axis.1,dscourt8,Dunn.test,Bonferroni
1A - 3E,-0.300828418798093,0.763545336537857,1,Axis.1,dscourt8,Dunn.test,Bonferroni
1B - 3E,-1.0097563285948,0.312612047913494,1,Axis.1,dscourt8,Dunn.test,Bonferroni
1C - 3E,-0.521773284562035,0.601828192621361,1,Axis.1,dscourt8,Dunn.test,Bonferroni
2A - 3E,0.526449732896664,0.598575768933196,1,Axis.1,dscourt8,Dunn.test,Bonferroni
2B - 3E,0.330112645886763,0.741314848316402,1,Axis.1,dscourt8,Dunn.test,Bonferroni
2C - 3E,0.601656837596187,0.547402586566125,1,Axis.1,dscourt8,Dunn.test,Bonferroni
2D - 3E,-0.604158540019199,0.54573824246912,1,Axis.1,dscourt8,Dunn.test,Bonferroni
2E - 3E,0.142695448246348,0.886530711703193,1,Axis.1,dscourt8,Dunn.test,Bonferroni
3A - 3E,0.466284049137045,0.641012194664055,1,Axis.1,dscourt8,Dunn.test,Bonferroni
3B - 3E,0.391076944437521,0.695740361950218,1,Axis.1,dscourt8,Dunn.test,Bonferroni
3C - 3E,-0.962650940153899,0.335722724566931,1,Axis.1,dscourt8,Dunn.test,Bonferroni
3D - 3E,-0.815572419249648,0.414744729356284,1,Axis.1,dscourt8,Dunn.test,Bonferroni
1A - 4A,-0.475651494154494,0.634322683088493,1,Axis.1,dscourt8,Dunn.test,Bonferroni
1B - 4A,-1.52660807442027,0.126858498011729,1,Axis.1,dscourt8,Dunn.test,Bonferroni
1C - 4A,-0.737898855511587,0.460575914507169,1,Axis.1,dscourt8,Dunn.test,Bonferroni
2A - 4A,0.832390114770365,0.405188779936234,1,Axis.1,dscourt8,Dunn.test,Bonferroni
2B - 4A,0.499083408945087,0.617720625134616,1,Axis.1,dscourt8,Dunn.test,Bonferroni
2C - 4A,0.951302988308988,0.341450590443576,1,Axis.1,dscourt8,Dunn.test,Bonferroni
2D - 4A,-0.854409201118679,0.392878299562214,1,Axis.1,dscourt8,Dunn.test,Bonferroni
2E - 4A,0.180497051278856,0.856762369118579,1,Axis.1,dscourt8,Dunn.test,Bonferroni
3A - 4A,0.737259815939466,0.460964364087883,1,Axis.1,dscourt8,Dunn.test,Bonferroni
3B - 4A,0.618346942400842,0.536346664435553,1,Axis.1,dscourt8,Dunn.test,Bonferroni
3C - 4A,-1.52208478129438,0.127987838762344,1,Axis.1,dscourt8,Dunn.test,Bonferroni
3D - 4A,-1.23302959857022,0.217564721445548,1,Axis.1,dscourt8,Dunn.test,Bonferroni
3E - 4A,0,1,1,Axis.1,dscourt8,Dunn.test,Bonferroni
1A - 4B,-0.784824965354915,0.43255620049205,1,Axis.1,dscourt8,Dunn.test,Bonferroni
1B - 4B,-1.81284708837407,0.0698554089617497,1,Axis.1,dscourt8,Dunn.test,Bonferroni
1C - 4B,-0.990337937660287,0.322008969245694,1,Axis.1,dscourt8,Dunn.test,Bonferroni
2A - 4B,0.523216643569944,0.600823500515657,1,Axis.1,dscourt8,Dunn.test,Bonferroni
2B - 4B,0.212844394991287,0.831448334841088,1,Axis.1,dscourt8,Dunn.test,Bonferroni
2C - 4B,0.642129517108567,0.520789092125225,1,Axis.1,dscourt8,Dunn.test,Bonferroni
2D - 4B,-1.10684828326738,0.268359528829253,1,Axis.1,dscourt8,Dunn.test,Bonferroni
2E - 4B,-0.0150414209399047,0.987999134982525,1,Axis.1,dscourt8,Dunn.test,Bonferroni
3A - 4B,0.428086344739045,0.668588258124779,1,Axis.1,dscourt8,Dunn.test,Bonferroni
3B - 4B,0.309173471200421,0.757189572879373,1,Axis.1,dscourt8,Dunn.test,Bonferroni
3C - 4B,-1.8312582524948,0.0670620056671848,1,Axis.1,dscourt8,Dunn.test,Bonferroni
3D - 4B,-1.51926861252402,0.128694896919048,1,Axis.1,dscourt8,Dunn.test,Bonferroni
3E - 4B,-0.195538472218761,0.844971422445953,1,Axis.1,dscourt8,Dunn.test,Bonferroni
4A - 4B,-0.309173471200421,0.757189572879373,1,Axis.1,dscourt8,Dunn.test,Bonferroni
1A - 4C,-1.75991052837163,0.078422977927618,1,Axis.1,dscourt8,Dunn.test,Bonferroni
1B - 4C,-2.71560090161297,0.00661556137529252,0.793867365035102,Axis.1,dscourt8,Dunn.test,Bonferroni
1C - 4C,-1.78649196597542,0.0740196368979251,1,Axis.1,dscourt8,Dunn.test,Bonferroni
2A - 4C,-0.451868919446769,0.651363416170128,1,Axis.1,dscourt8,Dunn.test,Bonferroni
2B - 4C,-0.68990941824762,0.490251152669723,1,Axis.1,dscourt8,Dunn.test,Bonferroni
2C - 4C,-0.332956045908146,0.739167462156398,1,Axis.1,dscourt8,Dunn.test,Bonferroni
2D - 4C,-1.90300231158251,0.0570402436064603,1,Axis.1,dscourt8,Dunn.test,Bonferroni
2E - 4C,-0.631739679475996,0.527556995264783,1,Axis.1,dscourt8,Dunn.test,Bonferroni
3A - 4C,-0.546999218277668,0.584379269179484,1,Axis.1,dscourt8,Dunn.test,Bonferroni
3B - 4C,-0.665912091816292,0.50546729118924,1,Axis.1,dscourt8,Dunn.test,Bonferroni
3C - 4C,-2.80634381551152,0.00501071967708645,0.601286361250374,Axis.1,dscourt8,Dunn.test,Bonferroni
3D - 4C,-2.42202242576292,0.0154343980290802,1,Axis.1,dscourt8,Dunn.test,Bonferroni
3E - 4C,-0.812236730754852,0.416655806944976,1,Axis.1,dscourt8,Dunn.test,Bonferroni
4A - 4C,-1.28425903421713,0.199051335459684,1,Axis.1,dscourt8,Dunn.test,Bonferroni
4B - 4C,-0.975085563016713,0.329517819270424,1,Axis.1,dscourt8,Dunn.test,Bonferroni
1A - 1B,-1.04220358926768,0.297317299328984,1,Axis.2,dscourt8,Dunn.test,Bonferroni
1A - 1C,0.660225291773525,0.509109264141224,1,Axis.2,dscourt8,Dunn.test,Bonferroni
1B - 1C,1.49831478990668,0.134051483246802,1,Axis.2,dscourt8,Dunn.test,Bonferroni
1A - 2A,0.546999218277668,0.584379269179484,1,Axis.2,dscourt8,Dunn.test,Bonferroni
1B - 2A,1.54862646010902,0.121471541385059,1,Axis.2,dscourt8,Dunn.test,Bonferroni
1C - 2A,-0.21360230027967,0.830857205434809,1,Axis.2,dscourt8,Dunn.test,Bonferroni
1A - 2B,0.396330942397569,0.691860903454578,1,Axis.2,dscourt8,Dunn.test,Bonferroni
1B - 2B,1.34562583913367,0.178423214185744,1,Axis.2,dscourt8,Dunn.test,Bonferroni
1C - 2B,-0.294750450473445,0.768184520376538,1,Axis.2,dscourt8,Dunn.test,Bonferroni
2A - 2B,-0.110091928443769,0.91233646941557,1,Axis.2,dscourt8,Dunn.test,Bonferroni
1A - 2C,0.80860754006264,0.418740926332546,1,Axis.2,dscourt8,Dunn.test,Bonferroni
1B - 2C,1.79082870268531,0.0733207877489975,1,Axis.2,dscourt8,Dunn.test,Bonferroni
1C - 2C,0,1,1,Axis.2,dscourt8,Dunn.test,Bonferroni
2A - 2C,0.261608321784972,0.793623427553621,1,Axis.2,dscourt8,Dunn.test,Bonferroni
2B - 2C,0.352294171020062,0.724617659154737,1,Axis.2,dscourt8,Dunn.test,Bonferroni
1A - 2D,0.932082764856741,0.351293754375733,1,Axis.2,dscourt8,Dunn.test,Bonferroni
1B - 2D,1.75622143407094,0.0790506062172472,1,Axis.2,dscourt8,Dunn.test,Bonferroni
1C - 2D,0.235435477898709,0.813870752453123,1,Axis.2,dscourt8,Dunn.test,Bonferroni
2A - 2D,0.485459773362886,0.62735024087826,1,Axis.2,dscourt8,Dunn.test,Bonferroni
2B - 2D,0.552657094637709,0.580498238193584,1,Axis.2,dscourt8,Dunn.test,Bonferroni
2C - 2D,0.271857473083216,0.785731611621169,1,Axis.2,dscourt8,Dunn.test,Bonferroni
1A - 2E,-0.571573995716378,0.567610616852998,1,Axis.2,dscourt8,Dunn.test,Bonferroni
1B - 2E,0.135928736541608,0.891877617833447,1,Axis.2,dscourt8,Dunn.test,Bonferroni
1C - 2E,-0.988623065485961,0.322847596753449,1,Axis.2,dscourt8,Dunn.test,Bonferroni
2A - 2E,-0.917526677334185,0.358866720190382,1,Axis.2,dscourt8,Dunn.test,Bonferroni
2B - 2E,-0.815572419249648,0.414744729356284,1,Axis.2,dscourt8,Dunn.test,Bonferroni
2C - 2E,-1.08298230767314,0.27881627611238,1,Axis.2,dscourt8,Dunn.test,Bonferroni
2D - 2E,-1.18085532821934,0.237660200091456,1,Axis.2,dscourt8,Dunn.test,Bonferroni
1A - 3A,0.879955264185814,0.378883544671075,1,Axis.2,dscourt8,Dunn.test,Bonferroni
1B - 3A,1.85688385975157,0.0633276793487746,1,Axis.2,dscourt8,Dunn.test,Bonferroni
1C - 3A,0.0582551728035463,0.953545373759069,1,Axis.2,dscourt8,Dunn.test,Bonferroni
2A - 3A,0.332956045908146,0.739167462156398,1,Axis.2,dscourt8,Dunn.test,Bonferroni
2B - 3A,0.418349328086323,0.67569172891468,1,Axis.2,dscourt8,Dunn.test,Bonferroni
2C - 3A,0.0713477241231741,0.943121013621026,1,Axis.2,dscourt8,Dunn.test,Bonferroni
2D - 3A,-0.21360230027967,0.830857205434809,1,Axis.2,dscourt8,Dunn.test,Bonferroni
2E - 3A,1.12810657049285,0.259274914608004,1,Axis.2,dscourt8,Dunn.test,Bonferroni
1A - 3B,0.975085563016713,0.329517819270424,1,Axis.2,dscourt8,Dunn.test,Bonferroni
1B - 3B,1.94495740250659,0.0517801053726718,1,Axis.2,dscourt8,Dunn.test,Bonferroni
1C - 3B,0.135928736541608,0.891877617833447,1,Axis.2,dscourt8,Dunn.test,Bonferroni
2A - 3B,0.428086344739045,0.668588258124779,1,Axis.2,dscourt8,Dunn.test,Bonferroni
2B - 3B,0.506422870841338,0.61255982238434,1,Axis.2,dscourt8,Dunn.test,Bonferroni
2C - 3B,0.166478022954073,0.867780776968312,1,Axis.2,dscourt8,Dunn.test,Bonferroni
2D - 3B,-0.135928736541608,0.891877617833447,1,Axis.2,dscourt8,Dunn.test,Bonferroni
2E - 3B,1.18827225425247,0.234726165193877,1,Axis.2,dscourt8,Dunn.test,Bonferroni
3A - 3B,0.0951302988308988,0.924211332215108,1,Axis.2,dscourt8,Dunn.test,Bonferroni
1A - 3C,2.37825747077247,0.0173946754626961,1,Axis.2,dscourt8,Dunn.test,Bonferroni
1B - 3C,3.24404215814307,0.00117846302692829,0.141415563231394,Axis.2,dscourt8,Dunn.test,Bonferroni
1C - 3C,1.28161380167802,0.199978156195942,1,Axis.2,dscourt8,Dunn.test,Bonferroni
2A - 3C,1.8312582524948,0.0670620056671848,1,Axis.2,dscourt8,Dunn.test,Bonferroni
2B - 3C,1.80550762647782,0.0709952831815597,1,Axis.2,dscourt8,Dunn.test,Bonferroni
2C - 3C,1.56964993070983,0.116496575549672,1,Axis.2,dscourt8,Dunn.test,Bonferroni
2D - 3C,1.0097563285948,0.312612047913494,1,Axis.2,dscourt8,Dunn.test,Bonferroni
2E - 3C,2.07571608970684,0.0379202169501846,1,Axis.2,dscourt8,Dunn.test,Bonferroni
3A - 3C,1.49830220658666,0.13405475104557,1,Axis.2,dscourt8,Dunn.test,Bonferroni
3B - 3C,1.40317190775576,0.160565582488683,1,Axis.2,dscourt8,Dunn.test,Bonferroni
1A - 3D,1.65871838855279,0.0971725521981903,1,Axis.2,dscourt8,Dunn.test,Bonferroni
1B - 3D,2.52648116735301,0.0115211565265025,1,Axis.2,dscourt8,Dunn.test,Bonferroni
1C - 3D,0.761438663723066,0.446395101354311,1,Axis.2,dscourt8,Dunn.test,Bonferroni
2A - 3D,1.15229551771145,0.249199658236076,1,Axis.2,dscourt8,Dunn.test,Bonferroni
2B - 3D,1.18085532821934,0.237660200091456,1,Axis.2,dscourt8,Dunn.test,Bonferroni
2C - 3D,0.910093275135159,0.362773320795749,1,Axis.2,dscourt8,Dunn.test,Bonferroni
2D - 3D,0.503532019558802,0.614590274119719,1,Axis.2,dscourt8,Dunn.test,Bonferroni
2E - 3D,1.65056322943381,0.0988277923537215,1,Axis.2,dscourt8,Dunn.test,Bonferroni
3A - 3D,0.844038118068897,0.398648105478353,1,Axis.2,dscourt8,Dunn.test,Bonferroni
3B - 3D,0.755964575313882,0.449670435211447,1,Axis.2,dscourt8,Dunn.test,Bonferroni
3C - 3D,-0.543120180322595,0.587047058986383,1,Axis.2,dscourt8,Dunn.test,Bonferroni
1A - 3E,-0.812236730754852,0.416655806944976,1,Axis.2,dscourt8,Dunn.test,Bonferroni
1B - 3E,-0.097091954672577,0.92265336991751,1,Axis.2,dscourt8,Dunn.test,Bonferroni
1C - 3E,-1.2083170800384,0.226925321099603,1,Axis.2,dscourt8,Dunn.test,Bonferroni
2A - 3E,-1.15818941237266,0.246786748045241,1,Axis.2,dscourt8,Dunn.test,Bonferroni
2B - 3E,-1.04859311046383,0.294365428095294,1,Axis.2,dscourt8,Dunn.test,Bonferroni
2C - 3E,-1.32364504271161,0.185620958423429,1,Axis.2,dscourt8,Dunn.test,Bonferroni
2D - 3E,-1.40054934277178,0.161348878315758,1,Axis.2,dscourt8,Dunn.test,Bonferroni
2E - 3E,-0.190260597661798,0.849104928148218,1,Axis.2,dscourt8,Dunn.test,Bonferroni
3A - 3E,-1.36876930553133,0.171071398432504,1,Axis.2,dscourt8,Dunn.test,Bonferroni
3B - 3E,-1.42893498929094,0.153022919660785,1,Axis.2,dscourt8,Dunn.test,Bonferroni
3C - 3E,-2.31637882474532,0.0205375938892778,1,Axis.2,dscourt8,Dunn.test,Bonferroni
3D - 3E,-1.883583920648,0.0596212785121672,1,Axis.2,dscourt8,Dunn.test,Bonferroni
1A - 4A,0.428086344739045,0.668588258124779,1,Axis.2,dscourt8,Dunn.test,Bonferroni
1B - 4A,1.43853453166525,0.150282446897895,1,Axis.2,dscourt8,Dunn.test,Bonferroni
1C - 4A,-0.310694254952247,0.756033065147004,1,Axis.2,dscourt8,Dunn.test,Bonferroni
2A - 4A,-0.118912873538624,0.905344382522366,1,Axis.2,dscourt8,Dunn.test,Bonferroni
2B - 4A,0,1,1,Axis.2,dscourt8,Dunn.test,Bonferroni
2C - 4A,-0.380521195323595,0.703558566146481,1,Axis.2,dscourt8,Dunn.test,Bonferroni
2D - 4A,-0.582551728035463,0.560195109384606,1,Axis.2,dscourt8,Dunn.test,Bonferroni
2E - 4A,0.842319572634662,0.399609098227099,1,Axis.2,dscourt8,Dunn.test,Bonferroni
3A - 4A,-0.451868919446769,0.651363416170128,1,Axis.2,dscourt8,Dunn.test,Bonferroni
3B - 4A,-0.546999218277668,0.584379269179484,1,Axis.2,dscourt8,Dunn.test,Bonferroni
3C - 4A,-1.95017112603343,0.0511557260347709,1,Axis.2,dscourt8,Dunn.test,Bonferroni
3D - 4A,-1.26238744615522,0.206809404283427,1,Axis.2,dscourt8,Dunn.test,Bonferroni
3E - 4A,1.08298230767314,0.27881627611238,1,Axis.2,dscourt8,Dunn.test,Bonferroni
1A - 4B,1.97395370074115,0.0483870077402725,1,Axis.2,dscourt8,Dunn.test,Bonferroni
1B - 4B,2.86972960143425,0.00410822949137385,0.492987538964862,Axis.2,dscourt8,Dunn.test,Bonferroni
1C - 4B,0.951501155791256,0.341350032085229,1,Axis.2,dscourt8,Dunn.test,Bonferroni
2A - 4B,1.42695448246348,0.153593015107511,1,Axis.2,dscourt8,Dunn.test,Bonferroni
2B - 4B,1.431195069769,0.152374316169389,1,Axis.2,dscourt8,Dunn.test,Bonferroni
2C - 4B,1.16534616067851,0.243878901090191,1,Axis.2,dscourt8,Dunn.test,Bonferroni
2D - 4B,0.67964368270804,0.496730103292418,1,Axis.2,dscourt8,Dunn.test,Bonferroni
2E - 4B,1.82001193372847,0.0687571875652102,1,Axis.2,dscourt8,Dunn.test,Bonferroni
3A - 4B,1.09399843655534,0.273955663909564,1,Axis.2,dscourt8,Dunn.test,Bonferroni
3B - 4B,0.998868137724438,0.317858572924245,1,Axis.2,dscourt8,Dunn.test,Bonferroni
3C - 4B,-0.40430377003132,0.685989353504948,1,Axis.2,dscourt8,Dunn.test,Bonferroni
3D - 4B,0.168807623613779,0.865947961610241,1,Axis.2,dscourt8,Dunn.test,Bonferroni
3E - 4B,2.06067466876694,0.0393340878624564,1,Axis.2,dscourt8,Dunn.test,Bonferroni
4A - 4B,1.54586735600211,0.122136605799206,1,Axis.2,dscourt8,Dunn.test,Bonferroni
1A - 4C,1.07021586184761,0.284522156225917,1,Axis.2,dscourt8,Dunn.test,Bonferroni
1B - 4C,2.03303094526161,0.0420493966948448,1,Axis.2,dscourt8,Dunn.test,Bonferroni
1C - 4C,0.21360230027967,0.830857205434809,1,Axis.2,dscourt8,Dunn.test,Bonferroni
2A - 4C,0.523216643569944,0.600823500515657,1,Axis.2,dscourt8,Dunn.test,Bonferroni
2B - 4C,0.594496413596354,0.552180140313716,1,Axis.2,dscourt8,Dunn.test,Bonferroni
2C - 4C,0.261608321784972,0.793623427553621,1,Axis.2,dscourt8,Dunn.test,Bonferroni
2D - 4C,-0.0582551728035463,0.953545373759069,1,Axis.2,dscourt8,Dunn.test,Bonferroni
2E - 4C,1.24843793801209,0.211870722939212,1,Axis.2,dscourt8,Dunn.test,Bonferroni
3A - 4C,0.190260597661798,0.849104928148218,1,Axis.2,dscourt8,Dunn.test,Bonferroni
3B - 4C,0.0951302988308988,0.924211332215108,1,Axis.2,dscourt8,Dunn.test,Bonferroni
3C - 4C,-1.30804160892486,0.190859196740721,1,Axis.2,dscourt8,Dunn.test,Bonferroni
3D - 4C,-0.667891032558867,0.504203151968075,1,Axis.2,dscourt8,Dunn.test,Bonferroni
3E - 4C,1.48910067305056,0.136460860608322,1,Axis.2,dscourt8,Dunn.test,Bonferroni
4A - 4C,0.642129517108567,0.520789092125225,1,Axis.2,dscourt8,Dunn.test,Bonferroni
4B - 4C,-0.903737838893539,0.366134429807516,1,Axis.2,dscourt8,Dunn.test,Bonferroni
3A - 3B,-2.43332131696144,0.0149610176751757,0.0448830530255271,Axis.1,coligt0,Dunn.test,Bonferroni
3A - 3C,-2.27109989583068,0.0231409313087437,0.0694227939262312,Axis.1,coligt0,Dunn.test,Bonferroni
3B - 3C,0.162221421130763,0.871131491597158,1,Axis.1,coligt0,Dunn.test,Bonferroni
3A - 3B,2.10887847469991,0.0349550726436305,0.104865217930892,Axis.2,coligt0,Dunn.test,Bonferroni
3A - 3C,0.162221421130763,0.871131491597158,1,Axis.2,coligt0,Dunn.test,Bonferroni
3B - 3C,-1.94665705356915,0.051575863620877,0.154727590862631,Axis.2,coligt0,Dunn.test,Bonferroni
3A - 3B,0.784464540552736,0.432767580667785,1,Axis.1,coligt8,Dunn.test,Bonferroni
3A - 3C,2.15727748652002,0.0309840500984566,0.0929521502953699,Axis.1,coligt8,Dunn.test,Bonferroni
3B - 3C,1.37281294596729,0.169810505085521,0.509431515256564,Axis.1,coligt8,Dunn.test,Bonferroni
3A - 3B,0.294174202707276,0.768624792202147,1,Axis.2,coligt8,Dunn.test,Bonferroni
3A - 3C,0,1,1,Axis.2,coligt8,Dunn.test,Bonferroni
3B - 3C,-0.294174202707276,0.768624792202147,1,Axis.2,coligt8,Dunn.test,Bonferroni
4A - 4B,1.91876696518016,0.055013832353979,0.55013832353979,Axis.1,neot0,Dunn.test,Bonferroni
4A - 4C,0.835213995082948,0.403597231265107,1,Axis.1,neot0,Dunn.test,Bonferroni
4B - 4C,-1.15598458739741,0.247687461306321,1,Axis.1,neot0,Dunn.test,Bonferroni
4A - 4H,1.29903810567666,0.193930852282411,1,Axis.1,neot0,Dunn.test,Bonferroni
4B - 4H,-0.0577350269189627,0.953959692772039,1,Axis.1,neot0,Dunn.test,Bonferroni
4C - 4H,0.74333013025148,0.457281834092216,1,Axis.1,neot0,Dunn.test,Bonferroni
4A - 4I,1.53333333333333,0.125193745581814,1,Axis.1,neot0,Dunn.test,Bonferroni
4B - 4I,-0.0333333333333336,0.973408772365816,1,Axis.1,neot0,Dunn.test,Bonferroni
4C - 4I,0.89782806711265,0.369277218811824,1,Axis.1,neot0,Dunn.test,Bonferroni
4H - 4I,0.025819888974716,0.979400998028853,1,Axis.1,neot0,Dunn.test,Bonferroni
4A - 4B,-1.26556970043798,0.205667179617355,1,Axis.2,neot0,Dunn.test,Bonferroni
4A - 4C,0.659698010608995,0.509447643583327,1,Axis.2,neot0,Dunn.test,Bonferroni
4B - 4C,1.9730417565003,0.04849080514357,0.4849080514357,Axis.2,neot0,Dunn.test,Bonferroni
4A - 4H,-0.317542648054294,0.750831884089117,1,Axis.2,neot0,Dunn.test,Bonferroni
4B - 4H,0.577350269189626,0.563702861650773,1,Axis.2,neot0,Dunn.test,Bonferroni
4C - 4H,-0.781126577552403,0.434728051695716,1,Axis.2,neot0,Dunn.test,Bonferroni
4A - 4I,0.566666666666666,0.570940671802888,1,Axis.2,neot0,Dunn.test,Bonferroni
4B - 4I,1.6,0.109598583399116,1,Axis.2,neot0,Dunn.test,Bonferroni
4C - 4I,0.0487950036474265,0.961082663945173,1,Axis.2,neot0,Dunn.test,Bonferroni
4H - 4I,0.722956891292051,0.469706369367045,1,Axis.2,neot0,Dunn.test,Bonferroni
4A - 4B,0.196116135138184,0.84451926747294,1,Axis.1,neot8,Dunn.test,Bonferroni
4A - 4C,1.2747548783982,0.202396015972959,0.607188047918877,Axis.1,neot8,Dunn.test,Bonferroni
4B - 4C,1.07863874326001,0.280748802948155,0.842246408844465,Axis.1,neot8,Dunn.test,Bonferroni
4A - 4B,0.98058067569092,0.326799567668966,0.980398703006898,Axis.2,neot8,Dunn.test,Bonferroni
4A - 4C,0.49029033784546,0.623928463208525,1,Axis.2,neot8,Dunn.test,Bonferroni
4B - 4C,-0.49029033784546,0.623928463208525,1,Axis.2,neot8,Dunn.test,Bonferroni
2D - 2E,0.517932397378237,0.604505437105478,1,Axis.1,neoDt0,Dunn.test,Bonferroni
2D - 2F,-1.15950180872841,0.246251699692527,0.738755099077581,Axis.1,neoDt0,Dunn.test,Bonferroni
2E - 2F,-1.53333333333333,0.125193745581814,0.375581236745441,Axis.1,neoDt0,Dunn.test,Bonferroni
2D - 2E,1.39443337755679,0.16318677476267,0.48956032428801,Axis.2,neoDt0,Dunn.test,Bonferroni
2D - 2F,0.52704627669473,0.598161452683528,1,Axis.2,neoDt0,Dunn.test,Bonferroni
2E - 2F,-0.666666666666667,0.504985075093846,1,Axis.2,neoDt0,Dunn.test,Bonferroni
2D - 2E,0,1,1,Axis.1,neoDt8,Dunn.test,Bonferroni
2D - 2E,1.22474487139159,0.220671361919847,0.220671361919847,Axis.2,neoDt8,Dunn.test,Bonferroni
3D - 3E,0.796819072889596,0.425556116419129,1,Axis.1,neoCt0,Dunn.test,Bonferroni
3D - 3F,0.843274042711568,0.399075196548237,1,Axis.1,neoCt0,Dunn.test,Bonferroni
3E - 3F,0.133333333333333,0.893929766752772,1,Axis.1,neoCt0,Dunn.test,Bonferroni
3D - 3E,0.557773351022717,0.576999162248741,1,Axis.2,neoCt0,Dunn.test,Bonferroni
3D - 3F,2.10818510677892,0.0350149810196625,0.105044943058988,Axis.2,neoCt0,Dunn.test,Bonferroni
3E - 3F,1.53333333333333,0.125193745581814,0.375581236745441,Axis.2,neoCt0,Dunn.test,Bonferroni
3D - 3E,-0.447213595499958,0.654720846018577,0.654720846018577,Axis.1,neoCt8,Dunn.test,Bonferroni
3D - 3E,-1.34164078649987,0.179712494879,0.179712494879,Axis.2,neoCt8,Dunn.test,Bonferroni
